상품이름,연령,출판사,분야,썸네일 이미지,상품정보 이미지,상품가격
[프뢰벨] 삼국지 30권 ⏳ 최대 3~4주 지연되는 상품,0~3세,프뢰벨,생활 · 창작,https://gndrbook.com/web/product/big/202602/47f4a2a0cf84e2eccc132e5bea08eec5.png,https://gndrbook.com/web/upload/NNEditor/20260210/ED9484EBA2B0EBB2A8_EC82BCEAB5ADECA780_30.png,35000
[푸름이닷컴] 푸름이까꿍 40권,0~3세,푸름이닷컴,생활 · 창작,https://gndrbook.com/web/product/big/202507/093bc3da41c45eb3a47ad89297077adf.png,https://gndrbook.com/web/upload/NNEditor/20250725/ED91B8EBA684EC9DB4EB8BB7ECBBB4_ED91B8EBA684EC9DB4EAB98CEABF8D_40.png,27000
[봄이아트북스] 공룡대발이 배워요 50권⏳ 최대3~4주 지연되는 상품,0~3세,봄이아트북스,생활 · 창작,https://gndrbook.com/web/product/big/202507/1d2148b52090e2caa6ca3cdaa100cb97.png,https://gndrbook.com/web/upload/NNEditor/20251117/EBB484EC9DB4EC9584ED8AB8EBB681EC8AA4_EAB3B5EBA3A1EB8C80EBB09CEC9DB4EC9881EC96B4EB8F99ED9994_33.png,16000
[프뢰벨] 영아다중 에듀 25권,0~3세,프뢰벨,생활 · 창작,https://gndrbook.com/web/product/big/202602/4dbaaf39bcb9d4afa11e4751e5114a77.png,https://gndrbook.com/web/upload/NNEditor/20260210/ED9484EBA2B0EBB2A8_EC9881EC9584EB8BA4ECA491EC9790EB9380_25.png,31000
[그레이트북스] 내친구 수학공룡 36권,0~3세,그레이트북스,생활 · 창작,https://gndrbook.com/web/product/big/202602/e840832c2997d673cd2c7ceb94652cb9.png,https://gndrbook.com/web/upload/NNEditor/20260210/EAB7B8EBA088EC9DB4ED8AB8EBB681EC8AA4_EB82B4ECB99CEAB5ACEC8898ED9599EAB3B5EBA3A1_36.png,21000
[계몽사] 녹지마 빙수 환경동화 50권,0~3세,계몽사,생활 · 창작,https://gndrbook.com/web/product/big/202605/7e3a80bd5ccffc78490c28f83ceda88f.png,https://gndrbook.com/web/upload/NNEditor/20260519/EAB384EBAABDEC82AC_EB85B9ECA780EBA788EBB999EC8898ED9998EAB2BDEB8F99ED9994_50.png,15000
[아람북스][최신판] 인성전래 요술항아리 70권,0~3세,아람북스,생활 · 창작,https://gndrbook.com/web/product/big/202602/6c377ec4fcfefa07b2e94ff9721f62df.png,https://gndrbook.com/web/upload/NNEditor/20260210/EC9584EB9E8CEBB681EC8AA4_EC9DB8EC84B1ECA084EB9E98EC9A94EC88A0ED95ADEC9584EBA6AC_70.png,21000
[키즈스콜레] 마마파파 세계명작 40권,0~3세,키즈스콜레,생활 · 창작,https://gndrbook.com/web/product/big/202602/0101801ccc0c925f65d2b5304f4ece23.png,https://gndrbook.com/web/upload/NNEditor/20260210/ED82A4ECA688EC8AA4ECBD9CEBA088_EBA788EBA788ED8C8CED8C8CEC84B8EAB384EBAA85EC9E91_40.png,31000
[아이휴먼] 설민석의 한국사 대모험 20권,0~3세,아이휴먼,생활 · 창작,https://gndrbook.com/web/product/big/202602/e1a0faf0b2de0f22ba63d8cc97f3ce0b.png,https://gndrbook.com/web/upload/NNEditor/20260210/EC9584EC9DB4ED9CB4EBA8BC_EC84A4EBAFBCEC849DEC9D98ED959CEAB5ADEC82ACEB8C80EBAAA8ED9798_20.png,28000
[무지개] 추피의 생활이야기 영문판 70권,0~3세,무지개,생활 · 창작,https://gndrbook.com/web/product/big/202512/b2d36e6a5b6af5e36ea671fe0d701d74.png,https://gndrbook.com/web/upload/NNEditor/20251230/EBACB4ECA780EAB09C_ECB694ED94BCEC9881EBACB8ED8C90_70.png,31000
[그레이트북스] 알록달록 엘머 28권,0~3세,그레이트북스,생활 · 창작,https://gndrbook.com/web/product/big/202510/0f4e8499ce49ada035122ed19032993a.png,https://gndrbook.com/web/upload/NNEditor/20251022/EAB7B8EBA088EC9DB4ED8AB8EBB681EC8AA4_EC958CEBA19DEB8BACEBA19DEC9798EBA8B8_30.png,25000
[비룡소] 사각사각 그림책 35권,0~3세,비룡소,생활 · 창작,https://gndrbook.com/web/product/big/202507/b8f84ec43af9dd7c685493e08ea1074f.png,https://gndrbook.com/web/upload/NNEditor/20250812/EBB984EBA3A1EC868C_EC82ACEAB081EC82ACEAB081EAB7B8EBA6BCECB185_35.png,39000
[한솔수북] 구름빵(한글판) 17권,0~3세,한솔수북,생활 · 창작,https://gndrbook.com/web/product/big/202602/a1e4ca1baaf05a41fe3b7d5e4c10e55b.png,https://gndrbook.com/web/upload/NNEditor/20260210/ED959CEC8694EC8898EBB681_EAB5ACEBA684EBB9B5_17.png,18000
[봄이아트북스] 공룡대발이 영어동화 30권 ⏳ 최대3~4주 지연되는 상품,0~3세,봄이아트북스,생활 · 창작,https://gndrbook.com/web/product/big/202511/4d8db852023cd62c442916091f879791.png,https://gndrbook.com/web/upload/NNEditor/20251022/ED82A4ECA688EC8AA4ECBD9CEBA088_EC82ACED8C8CEBA6ACEB9891EB9891EBAAA8EB9190EB8884EBA6AC_50.png,22000
[키즈스콜레] 사파리 똑똑 모두누리 50권 (영문판),0~3세,키즈스콜레,생활 · 창작,https://gndrbook.com/web/product/big/202508/914c15768175d1e0413b802aab3ad970.png,https://gndrbook.com/web/upload/NNEditor/20251113/ED82A4ECA688EC8AA4ECBD9CEBA088_EC82ACED8C8CEBA6ACEB9891EB9891EBAAA8EB9190EB8884EBA6ACEC9881EBACB8ED8C90_50_EC8898ECA095.png,21000
[북멘토] 수상한 시리즈 10권,0~3세,북멘토,생활 · 창작,https://gndrbook.com/web/product/big/202602/25f3d7b80f8d01b7e3c7e18d27374aaf.png,https://gndrbook.com/web/upload/NNEditor/20260210/EBB681EBA998ED86A0_EC8898EC8381ED959CEC8B9CEBA6ACECA688_10.png,19000
[예림당] 물아저씨 17권,0~3세,예림당,생활 · 창작,https://gndrbook.com/web/product/big/202602/a5365de4cd947ca8e57c9f54022725c7.png,https://gndrbook.com/web/upload/NNEditor/20260210/EC9888EBA6BCEB8BB9_EBACBCEC9584ECA080EC94A8EAB3BCED9599EAB7B8EBA6BCECB185_17.png,19000
[주니어김영사] 사각사각 책읽기 50권,0~3세,주니어김영사,생활 · 창작,https://gndrbook.com/web/product/big/202602/e3ece096623be3977ce7a90c3c6add74.png,https://gndrbook.com/web/upload/NNEditor/20260210/ECA3BCEB8B88EC96B4EAB980EC9881EC82AC_EC82ACEAB081EC82ACEAB081ECB185EC9DBDEAB8B0_50.png,31000
[리틀씨앤톡] 나도 이제 초등학생 20권,0~3세,리틀씨앤톡,생활 · 창작,https://gndrbook.com/web/product/big/202602/5e7d0f666cc992875b691e8e50eb3ec0.png,https://gndrbook.com/web/upload/NNEditor/20260210/EC9584EB9E8CEBB681EC8AA4_EBA6ACED8B80EC94A8EC95A4ED86A1_EB8298EB8F84EC9DB4ECA09CECB488EB93B1ED9599EC839D_20.png,29000
[그레이트북스] 이야기 마법사 53권,0~3세,그레이트북스,생활 · 창작,https://gndrbook.com/web/product/big/202602/62052b35838753775562d5f208058aa2.png,https://gndrbook.com/web/upload/NNEditor/20260210/copy-1770710020-EAB7B8EBA088EC9DB4ED8AB8EBB681EC8AA4_EC9DB4EC95BCEAB8B0EBA788EBB295EC82AC_53.png,29000
[책읽는곰] 그림책이 참 좋아 46권,0~3세,책읽는곰,생활 · 창작,https://gndrbook.com/web/product/big/202602/94110a5f66a97ee63ebb8277271ae86b.png,https://gndrbook.com/web/upload/NNEditor/20260210/ECB185EC9DBDEB8A94EAB3B0_EAB7B8EBA6BCECB185EC9DB4ECB0B8ECA28BEC9584_46.png,29000
[다산어린이] 다독다독 언어 42권 ⏳최대 3~4주 지연되는 상품,0~3세,다산어린이,생활 · 창작,https://gndrbook.com/web/product/big/202602/d8b797b4ad10b2ddf3c03008ec7ead88.png,https://gndrbook.com/web/upload/NNEditor/20260210/EB8BA4EC82B0EC96B4EBA6B0EC9DB4_EB8BA4EB8F85EB8BA4EB8F85EC96B8EC96B4_42.png,15000
[아람] 수학특공대 42권,0~3세,아람,생활 · 창작,https://gndrbook.com/web/product/big/202508/47f0c43b3c8d85a916a0247dc6bffb31.png,https://gndrbook.com/web/upload/NNEditor/20250724/EC9584EB9E8CEBB681EC8AA4_EC8898ED9599ED8AB9EAB3B5EB8C80_42.png,29000
[아람] 우리 아람이 45권,0~3세,아람,생활 · 창작,https://gndrbook.com/web/product/big/202507/e62f436bd1343503cdbb54e4f0967380.png,https://gndrbook.com/web/upload/NNEditor/20250724/copy-1753338302-EC9584EB9E8CEBB681EC8AA4_EC9AB0EBA6ACEC9584EB9E8CEC9DB4_45.png,14000
[그레이트북스] 춤추는 포포 37권 ⏳최대 3~4주 지연되는 상품,0~3세,그레이트북스,생활 · 창작,https://gndrbook.com/web/product/big/202512/24e59be43c719a92ed9a444e5c596e98.png,https://gndrbook.com/web/upload/NNEditor/20251230/EAB7B8EBA088EC9DB4ED8AB8EBB681EC8AA4_ECB6A4ECB694EB8A94ED8FACED8FAC_37.png,39000
[아람][최신판] 꼬꼬마 한글이 41권⏳최대 3~4주 지연되는 상품,0~3세,아람,생활 · 창작,https://gndrbook.com/web/product/big/202507/9cda4cabcebefa93f2b214ff808fc839.png,https://gndrbook.com/web/upload/NNEditor/20250724/EC9584EB9E8CEBB681EC8AA4_EABCACEABCACEBA788ED959CEAB880EC9DB4_41.png,17000
[다산어린이] 다독다독 과학 45권,0~3세,다산어린이,생활 · 창작,https://gndrbook.com/web/product/big/202602/0fb5244d4d7f6d740ede8581df46ff83.png,https://gndrbook.com/web/upload/NNEditor/20260210/EB8BA4EC82B0EC96B4EBA6B0EC9DB4_EB8BA4EB8F85EB8BA4EB8F85EAB3BCED9599_45.png,15000
[아람북스] 문어빵 33권42권 ⏳최대 3~4주 지연되는 상품,0~3세,아람북스,생활 · 창작,https://gndrbook.com/web/product/big/202602/05c202b25d93660518a02f20ef6a4485.png,https://gndrbook.com/web/upload/NNEditor/20260515/EC9584EB9E8CEBB681EC8AA4_EBACB8EC96B4EBB9B5_33.png,39000
[프뢰벨] 말하기 프로그램 17권,0~3세,프뢰벨,생활 · 창작,https://gndrbook.com/web/product/big/202508/8fa58e61066eef754fd909f2b90b999d.png,https://gndrbook.com/web/upload/NNEditor/20250725/ED9484EBA2B0EBB2A8_EBA790ED9598EAB8B0ED9484EBA19CEAB7B8EB9EA8_17.png,18000
[아람북스] 호호랜드 42권,0~3세,아람북스,생활 · 창작,https://gndrbook.com/web/product/big/202602/399905515fc83f7c93aa830750e38ce0.png,https://gndrbook.com/web/upload/NNEditor/20260210/EC9584EB9E8CEBB681EC8AA4_ED98B8ED98B8EB9E9CEB939C_42.png,29000
[키즈엠] 키즈엠 자란다 책보 55권,0~3세,키즈엠,생활 · 창작,https://gndrbook.com/web/product/big/202508/bbd097e89e3dc9f5c3f3fb333645f662.png,https://gndrbook.com/web/upload/NNEditor/20250725/ED82A4ECA688EC97A0_EC9E90EB9E80EB8BA4ECB185EBB3B4_55.png,22000
[연두비] 바바파파 클래식 40권,0~3세,연두비,생활 · 창작,https://gndrbook.com/web/product/big/202601/5ad1b3cd5967461b106060d9cb4bd2c9.png,https://gndrbook.com/web/upload/NNEditor/20250729/EC97B0EB9190EBB984_EBB094EBB094ED8C8CED8C8CED81B4EB9E98EC8B9D_40.png,19000
[아람] 베이비올 수과학 32권,0~3세,아람,생활 · 창작,https://gndrbook.com/web/product/big/202508/d852649cabea30cb38c631ccb8e1ab7d.png,https://gndrbook.com/web/upload/NNEditor/20260304/EC9584EB9E8CEBB681EC8AA4_EBB2A0EC9DB4EBB984EC98ACEC8898EAB3BCED9599_32.png,27000
[웅진] 첫생활그림책 배꼽손 45권,0~3세,웅진,생활 · 창작,https://gndrbook.com/web/product/big/202507/684d050f087944d7e2c1d01cafa044af.png,https://gndrbook.com/web/upload/NNEditor/20250728/EC9B85ECA784_ECB2ABEC839DED999CEAB7B8EBA6BCECB185EBB0B0EABCBDEC8690_45.png,19000
[봄이아트북스] 사랑해 보비 36권,0~3세,봄이아트북스,생활 · 창작,https://gndrbook.com/web/product/big/202507/296da06bc48286ed8ff4c9b87c6afb14.png,https://gndrbook.com/web/upload/NNEditor/20250728/EBB484EC9DB4EC9584ED8AB8EBB681EC8AA4_EC82ACEB9E91ED95B4EBB3B4EBB984_36.png,20000
[교원] 교원 오 마이 감정 그림책 30권,0~3세,교원,생활 · 창작,https://gndrbook.com/web/product/big/202509/4d34c3ca87759bc1668f65e375285723.png,https://gndrbook.com/web/upload/NNEditor/20250527/EAB590EC9B90_EC98A4EBA788EC9DB4EAB090ECA095EAB7B8EBA6BCECB185_30.png,25000
[여원] 베베플레이 말샘동화 50권,0~3세,여원,생활 · 창작,https://gndrbook.com/web/product/big/202509/5754a3fb57742a9c4ef6aade127ccd34.png,https://gndrbook.com/web/upload/NNEditor/20250725/EC97ACEC9B90EBAFB8EB9494EC96B4_EBB2A0EBB2A0ED948CEBA088EC9DB4EBA790EC8398EB8F99ED9994_50.png,21000
[천재교육] 돌잡이 영어 + 수학 23권,0~3세,천재교육,생활 · 창작,https://gndrbook.com/web/product/big/202601/37feafacc8b909c5fe6fed8eb87b82ce.png,https://gndrbook.com/web/upload/NNEditor/20250729/ECB29CEC9EACEAB590EC9CA1_EB8F8CEC9EA1EC9DB4EC9881EC8898_23.png,25000
[봄이아트북스] 공룡대발이 경제동화 30권,0~3세,봄이아트북스,생활 · 창작,https://gndrbook.com/web/product/big/202508/406baca002787d3a2ac673b7dfb5947f.png,https://gndrbook.com/web/upload/NNEditor/20250728/EBB484EC9DB4EC9584ED8AB8EBB681EC8AA4_EAB3B5EBA3A1EB8C80EBB09CEC9DB4EAB2BDECA09CEB8F99ED9994_30.png,16000
[프뢰벨] 언어원리동화 29권,0~3세,프뢰벨,생활 · 창작,https://gndrbook.com/web/product/big/202508/9f6575c83a16d03b6eddb344c7198515.png,https://gndrbook.com/web/upload/NNEditor/20250725/ED9484EBA2B0EBB2A8_EC96B8EC96B4EC9B90EBA6ACEB8F99ED9994_29.png,21000
[교원] 자연이 소곤소곤 65권,0~3세,교원,생활 · 창작,https://gndrbook.com/web/product/big/202507/fb205ecfaa03bf61f1dbe4df72984668.png,https://gndrbook.com/web/upload/NNEditor/20250728/EAB590EC9B90_EC9E90EC97B0EC9DB4EC868CEAB3A4EC868CEAB3A4_65.png,14000
[봄이아트북스] 공룡대발이 살아있는 공룡 대탐험 20권,0~3세,봄이아트북스,생활 · 창작,https://gndrbook.com/web/product/big/202509/17fa4cc4c4899ca970b2d833b7d8e9b6.png,https://gndrbook.com/web/upload/NNEditor/20250725/EBB484EC9DB4EC9584ED8AB8EBB681EC8AA4_EAB3B5EBA3A1EB8C80EBB09CEC9DB4EB8C80ED8390ED9798_20.png,16000
[봄이아트북스] 공룡대발이 사회동화 56권,0~3세,봄이아트북스,생활 · 창작,https://gndrbook.com/web/product/big/202508/93b83ac0302eed4bb818b005ba3d60c2.png,https://gndrbook.com/web/upload/NNEditor/20250725/EBB484EC9DB4EC9584ED8AB8EBB681EC8AA4_EAB3B5EBA3A1EB8C80EBB09CEC9DB4EC82ACED9A8CEB8F99ED9994_56.png,27000
[두두스토리] 우리아이 마음테라피 스텝1 11권,0~3세,두두스토리,생활 · 창작,https://gndrbook.com/web/product/big/202512/cba7329b81a38934f9426b879948cfde.png,https://gndrbook.com/web/upload/NNEditor/20250725/EB9190EB9190EC8AA4ED86A0EBA6AC_EC9AB0EBA6ACEC9584EC9DB4EBA788EC9D8CED858CEB9DBCED94BCEC8AA4ED859D1_11.png,19000
[명꼬] 스토리팡 세계테마그림책 66권,0~3세,명꼬,생활 · 창작,https://gndrbook.com/web/product/big/202509/805ec5a5aa94081cdc489316e4ed7110.png,https://gndrbook.com/web/upload/NNEditor/20260513/EBAA85EABCAC_EC8AA4ED86A0EBA6ACED8CA1EC84B8EAB384ED858CEBA788EAB7B8EBA6BCECB185_66.png,15000
[헤르만헤세] 첫걸음 셈셈 수학동화 50권,0~3세,헤르만헤세,생활 · 창작,https://gndrbook.com/web/product/big/202508/fca0f94dc25c666c347fb0a7d0b4ea8e.png,https://gndrbook.com/web/upload/NNEditor/20250725/ED97A4EBA5B4EBA78CED97A4EC84B8_ECB2ABEAB1B8EC9D8CEC8588EC8588EC8898ED9599EB8F99ED9994_50.png,22000
[여원] 탄탄 해바라기 창작동화,0~3세,여원,생활 · 창작,https://gndrbook.com/web/product/big/202508/d68283b831745a9f2713f6257d729611.png,https://gndrbook.com/web/upload/NNEditor/20250725/EC97ACEC9B90EBAFB8EB9494EC96B4_ED8384ED8384ED95B4EBB094EB9DBCEAB8B0ECB0BDEC9E91EB8F99ED9994_56.png,19000
[여원] 탄탄 Hello 다빈치 44권,0~3세,여원,생활 · 창작,https://gndrbook.com/web/product/big/202302/70c640435ab9c5fcc4df65cd9c27a6ef.jpg,https://gndrbook.com/web/upload/NNEditor/20250725/EC97ACEC9B90EBAFB8EB9494EC96B4_ED8384ED8384ED97ACEBA19CEB8BA4EBB988ECB998_45.png,22000
[블루래빗] 전래명작세트 40권,0~3세,블루래빗,생활 · 창작,https://gndrbook.com/web/product/big/202601/b8a142059b0a80c1f4b0ac2d443e9e63.png,https://gndrbook.com/web/upload/NNEditor/20250725/EBB894EBA3A8EB9E98EBB997_ECA084EB9E98EBAA85EC9E91EC84B8ED8AB8_40.png,19000
[한솔] 호기심 아이 35권,0~3세,한솔,생활 · 창작,https://gndrbook.com/web/product/big/202211/0d15e6a902b7aa57669f33153407851c.jpg,https://gndrbook.com/web/upload/NNEditor/20250729/ED959CEC8694_ED98B8EAB8B0EC8BACEC9584EC9DB4_35.png,19000
[교원] 꿈꾸는 솜사탕 30권,0~3세,교원,생활 · 창작,https://gndrbook.com/web/product/big/202507/1a3893fde29a97894e477a45985c0b38.png,https://gndrbook.com/web/upload/NNEditor/20250728/EAB590EC9B90_EABF88EABEB8EB8A94EC869CEC82ACED8395_30.png,19000
[몬테소리] 수담뿍 40권3~4주 지연되는 상품,0~3세,몬테소리,생활 · 창작,https://gndrbook.com/web/product/big/202507/785e8147779ca97f9d3be2b3cbbb9944.png,https://gndrbook.com/web/upload/NNEditor/20260130/EBAAACED858CEC868CEBA6AC_EC8898EB8BB4EBBF8D_40.png,22000
[무지개] 하얀꼬마토끼 쁘띠 66권,0~3세,무지개,생활 · 창작,https://gndrbook.com/web/product/big/202507/138fc5940f0ee7cd59f3d8a30f0d2347.png,https://gndrbook.com/web/upload/NNEditor/20250725/EBACB4ECA780EAB09C_ED9598EC9680EABCACEBA788ED86A0EB81BCEC8198EB9DA0_64.png,19000
[연두비] 바바파파 어드벤처 52권,0~3세,연두비,생활 · 창작,https://gndrbook.com/web/product/big/202507/32b37ffa2a85d5d21de1c89ef5954452.png,https://gndrbook.com/web/upload/NNEditor/20250725/EC97B0EB9190EBB984_EBB094EBB094ED8C8CED8C8CEC96B4EB939CEBB2A4ECB298_52.png,17000
[명꼬] 자연이 통통 58권,0~3세,명꼬,생활 · 창작,https://gndrbook.com/web/product/big/202508/ea3b82cd113e2176c4a50a627750a1cb.png,https://gndrbook.com/web/upload/NNEditor/20250725/EBAA85EABCAC_EC9E90EC97B0EC9DB4ED86B5ED86B5_58.png,22000
[시공주니어] 알록달록 아기그림책 20권,0~3세,시공주니어,생활 · 창작,https://gndrbook.com/web/product/big/202508/13f3c7089e1b6b501a15c1ba04c254ac.png,https://gndrbook.com/web/upload/NNEditor/20250725/EC8B9CEAB3B5ECA3BCEB8B88EC96B4_EC958CEBA19DEB8BACEBA19DEC9584EAB8B0EAB7B8EBA6BCECB185_20.png,19000
[웅진] 내친구 메이지 30권,0~3세,웅진,생활 · 창작,https://gndrbook.com/web/product/big/202508/be2f6c1f3ad487170f5d857ac176b68f.png,https://gndrbook.com/web/upload/NNEditor/20250729/EC9B85ECA784_EB82B4ECB99CEAB5ACEBA994EC9DB4ECA780_30.png,31000
[두두스토리] 우리아이 마음테라피 스텝2 33권,0~3세,두두스토리,생활 · 창작,https://gndrbook.com/web/product/big/202302/4284a0f4ac02ce8a0ab7161ec646e2b5.jpg,https://gndrbook.com/web/upload/NNEditor/20250725/EB9190EB9190EC8AA4ED86A0EBA6AC_EC9AB0EBA6ACEC9584EC9DB4EBA788EC9D8CED858CEB9DBCED94BCEC8AA4ED859D2_33.png,29000
[웅진] 땅친구 물친구 58권,0~3세,웅진,생활 · 창작,https://gndrbook.com/web/product/big/202507/ae4fb67972f61f80c3e3d1c6502abe11.png,https://gndrbook.com/web/upload/NNEditor/20250728/EC9B85ECA784_EB9585ECB99CEAB5ACEBACBCECB99CEAB5AC_58.png,14000
[여원] 탄탄 Hello 음악동화 58권,0~3세,여원,생활 · 창작,https://gndrbook.com/web/product/big/202302/4ad62a89d779be9f2777036752c03265.jpg,https://gndrbook.com/web/upload/NNEditor/20250725/EC97ACEC9B90EBAFB8EB9494EC96B4_ED8384ED8384ED97ACEBA19CEC9D8CEC9585EB8F99ED9994_58.png,15000
[한솔] 호기심아이 플러스 35권,0~3세,한솔,생활 · 창작,https://gndrbook.com/web/product/big/202212/325d48fa1fc5b7125fb04dd8c5fcf10b.jpg,https://gndrbook.com/web/upload/NNEditor/20250725/ED959CEC8694_ED98B8EAB8B0EC8BACEC9584EC9DB4ED948CEB9FACEC8AA4_35.png,19000
[연두비] 톡톡 개구쟁이 성장 스토리 20권,0~3세,연두비,생활 · 창작,https://gndrbook.com/web/product/big/202509/88919a7b79fc4b221b0c1a3be14305c7.png,https://gndrbook.com/web/upload/NNEditor/20250729/EC97B0EB9190EBB984_ED86A1ED86A1EAB09CEAB5ACEC9F81EC9DB4EC84B1EC9EA5EC8AA4ED86A0EBA6AC_20.png,22000
[몬테소리] 토들피카소 50권,0~3세,몬테소리,생활 · 창작,https://gndrbook.com/web/product/big/202507/d7f9b9376a7cbffcb6d623afac14e3fc.png,https://gndrbook.com/web/upload/NNEditor/20260812/EC8BA0ED86A0EB93A4ED94BCECB9B4EC868C.PNG,29000
[가나키즈] 아기대통령 50권,0~3세,가나키즈,생활 · 창작,https://gndrbook.com/web/product/big/202211/dabe2954e16c05deeba2b0961f4b7642.jpg,https://gndrbook.com/web/upload/NNEditor/20250729/EAB080EB8298ED82A4ECA688_EC9584EAB8B0EB8C80ED86B5EBA0B9_50.png,31000
[계몽사] 디즈니 그림명작 60권⏳최대 3~4주 지연되는 상품,초등저학년,계몽사,자연 · 과학,https://gndrbook.com/web/product/big/202507/78d66223ebc9abf3ee1216ccc9acf488.png,https://gndrbook.com/web/upload/NNEditor/20250725/EAB384EBAABDEC82AC_EB9494ECA688EC9DB4EAB7B8EBA6BCEBAA85EC9E91_60.png,17000
[가나] 만화로보는 그리스로마신화 25권⏳ 최대 3~4주 지연되는 상품,초등저학년,가나,자연 · 과학,https://gndrbook.com/web/product/big/202507/bde74e605b149a230f95cc92f5da8c30.png,https://gndrbook.com/web/upload/NNEditor/20250725/EAB080EB8298_EBA78CED9994EBA19CEBB3B4EB8A94EAB7B8EBA6ACEC8AA4EBA19CEBA788EC8BA0ED9994_25.png,21000
[비룡소] 난 책읽기가 좋아 2단계 60권,초등저학년,비룡소,자연 · 과학,https://gndrbook.com/web/product/big/202508/6bec50acdf2ce02699d4a4cd1dc15a9e.png,https://gndrbook.com/web/upload/NNEditor/20260401/EBB984EBA3A1EC868C_EB829CECB185EC9DBDEAB8B0EAB080ECA28BEC95842EB8BA8EAB384_60_2.png,19000
[그레이트북스] 우리문학 책시루 64권,초등저학년,그레이트북스,자연 · 과학,https://gndrbook.com/web/product/big/202507/f1d5cd4c0bc8783f991371216d731221.png,https://gndrbook.com/web/upload/NNEditor/20251117/EAB7B8EBA088EC9DB4ED8AB8EBB681EC8AA4_EC9AB0EBA6ACEBACB8ED9599ECB185EC8B9CEBA3A8_64.png,19000
[아울북] 마법천자문 44권,초등저학년,아울북,자연 · 과학,https://gndrbook.com/web/product/big/202508/2dd43e4509ceedc92968b761ffbf9d90.png,https://gndrbook.com/web/upload/NNEditor/20250729/EC9584EC9AB8EBB681_EBA788EBB295ECB29CEC9E90EBACB8_44.png,19000
[기타] 초1 추천도서 10권,초등저학년,기타,자연 · 과학,https://gndrbook.com/web/product/big/202508/d4b7d6806fcc15fc01a0f80e4aa639ef.png,https://gndrbook.com/web/upload/NNEditor/20250729/EAB8B0ED8380_ECB488EB93B11ED9599EB8584EAB590EAB3BCEC8898EBA19DECB694ECB29CEB8F84EC849C_10.png,22000
[자음과모음] 철학자가 들려주는 철학이야기 100권,초등저학년,자음과모음,자연 · 과학,https://gndrbook.com/web/product/big/202507/84f3ca3ed9e5b69d06abe1c33dac5675.png,https://gndrbook.com/web/upload/NNEditor/20250725/EC9E90EC9D8CEAB3BCEBAAA8EC9D8C_ECB2A0ED9599EC9E90EAB080EB93A4EBA0A4ECA3BCEB8A94ECB2A0ED9599EC9DB4EC95BCEAB8B0_100.png,38000
[좋은책어린이] 저학년문고 시리즈 60권,초등저학년,좋은책어린이,자연 · 과학,https://gndrbook.com/web/product/big/202507/05cda062341d6b853105a22e33d7e58d.png,https://gndrbook.com/web/upload/NNEditor/20250725/ECA28BEC9D80ECB185EC96B4EBA6B0EC9DB4_ECA080ED9599EB8584EBACB8EAB3A0EC8B9CEBA6ACECA688_60.png,19000
[성우주니어] 과학뒤집기 기본편 40권,초등저학년,성우주니어,자연 · 과학,https://gndrbook.com/web/product/big/202507/062dd98e88c27509426b92269a22832b.png,https://gndrbook.com/web/upload/NNEditor/20250813/EC84B1EC9AB0ECA3BCEB8B88EC96B4_EAB3BCED9599EB92A4ECA791EAB8B0EAB8B0EBB3B8ED8EB8_40.png,21000
[비룡소] 마법의 시간여행 55권,초등저학년,비룡소,자연 · 과학,https://gndrbook.com/web/product/big/202508/7ee069b346205889fdf7aedb6395f01f.png,https://gndrbook.com/web/upload/NNEditor/20250729/EBB984EBA3A1EC868C_EBA788EBB295EC9D98EC8B9CEAB084EC97ACED9689_55.png,17000
[아울북] 초등인문학 그리스로마신화 10권,초등저학년,아울북,자연 · 과학,https://gndrbook.com/web/product/big/202602/fafd33f06d62039c2c55887dbc6bcfa0.png,https://gndrbook.com/web/upload/NNEditor/20260306/EC9584EC9AB8EBB681_EBA78CED9994EBA19CEC9DBDEB8A94ECB488EB93B1EC9DB8EBACB8ED9599EAB7B8EBA6ACEC8AA4EBA19CEBA788EC8BA0ED9994_10.png,19000
[아이세움] 서바이벌 만화 과학상식 살아남기 40권,초등저학년,아이세움,자연 · 과학,https://gndrbook.com/web/product/big/202508/9660a08caf4a9eb5ef973f93fae44156.png,https://gndrbook.com/web/upload/NNEditor/20260106/EC9584EC9DB4EC84B8EC9B80_EC849CEBB094EC9DB4EBB28CEBA78CED9994EAB3BCED9599EC8381EC8B9DEC82B4EC9584EB82A8EAB8B0_40.png,31000
[교원] 솔루토이 삼국유사 삼국사기 52권,초등저학년,교원,자연 · 과학,https://gndrbook.com/web/product/big/202507/f256a6604266b70c5a06d7588489521b.png,https://gndrbook.com/web/upload/NNEditor/20250728/EAB590EC9B90_EAB780EBA19CEB93A3EB8A94EC8694EBA3A8ED86A0EC9DB4EC82BCEAB5ADEC9CA0EC82ACEC82BCEAB5ADEC82ACEAB8B0_52.png,17000
[다산북스] Who 인물한국사 40권,초등저학년,다산북스,자연 · 과학,https://gndrbook.com/web/product/big/202507/6acd3a5eafc5b0a324e1db0f8d4c32eb.png,https://gndrbook.com/web/upload/NNEditor/20250725/EB8BA4EC82B0EBB681EC8AA4_whoEC9DB8EBACBCED959CEAB5ADEC82AC_40.png,19000
[아이세움] 흔한남매 19권,초등저학년,아이세움,자연 · 과학,https://gndrbook.com/web/product/big/202508/9b63e12ae094f2ed0f3dd855adb9eca5.png,https://gndrbook.com/web/upload/NNEditor/20250917/EC9584EC9DB4EC84B8EC9B80_ED9D94ED959CEB82A8EBA7A4_19.png,25000
[성우주니어] 사회뒤집기 기본편 40권,초등저학년,성우주니어,자연 · 과학,https://gndrbook.com/web/product/big/202507/e7a575b5d3e582e59e3e6ac2a6fd8a60.png,https://gndrbook.com/web/upload/NNEditor/20250725/EC84B1EC9AB0ECA3BCEB8B88EC96B4_EC82ACEED9A8CEB92A4ECA791EAB8B0EAB8B0EBB3B8ED8EB8_40.png,21000
[봄이아트북스] 공룡대발이 미래직업동화 30권,초등저학년,봄이아트북스,자연 · 과학,https://gndrbook.com/web/product/big/202509/cc6937229b8435402d1f0451b2e2a816.png,https://gndrbook.com/web/upload/NNEditor/20250725/EBB484EC9DB4EC9584ED8AB8EBB681EC8AA4_EAB3B5EBA3A1EB8C80EBB09CEC9DB4EBAFB8EB9E98ECA781EC9785EB8F99ED9994_30.png,16000
[교원] 생각이 반짝이는 지식별 45권,초등저학년,교원,자연 · 과학,https://gndrbook.com/web/product/big/202507/ea5558b0a6e1d386c5a4e316664b85d2.png,https://gndrbook.com/web/upload/NNEditor/20250728/EAB590EC9B90_EC839DEAB081EC9DB4EBB098ECA79DEC9DB4EB8A94ECA780EC8B9DEBB384_45.png,22000
[자음과모음] 천재들이 만든 수학퍼즐 40권,초등저학년,자음과모음,자연 · 과학,https://gndrbook.com/web/product/big/202507/a3f09b5381f8dc37712920c0262e8c61.png,https://gndrbook.com/web/upload/NNEditor/20250725/EC9E90EC9D8CEAB3BCEBAAA8EC9D8C_ECB29CEC9EACEB93A4EC9DB4EBA78CEB93A0EC8898ED9599ED8DBCECA690_40.png,25000
[서울문화사] 쿠키런 서바이벌 대작전 40권,초등저학년,서울문화사,자연 · 과학,https://gndrbook.com/web/product/big/202508/01cc85be643fa71f6231e72309786838.png,https://gndrbook.com/web/upload/NNEditor/20250725/EC849CEC9AB8EBACB8ED9994EC82AC_ECBFA0ED82A4EB9FB0EC849CEBB094EC9DB4EBB28CEB8C80EC9E91ECA084_40.png,28000
[교원] 호시탐탐 논리국어 26권,초등저학년,교원,자연 · 과학,https://gndrbook.com/web/product/big/202508/85628ead5f4a6e34d29aeb337ed1429d.png,https://gndrbook.com/web/upload/NNEditor/20250728/EAB590EC9B90_ED98B8EC8B9CED8390ED8390EB85BCEBA6ACEAB5ADEC96B4_EC9E90EC82ACEBAAB0_26.png,19000
[교원] 솔루토이 탐구 26권,초등저학년,교원,자연 · 과학,https://gndrbook.com/web/product/big/202507/76c356d472e50e8986cb64233b29b08f.png,https://gndrbook.com/web/upload/NNEditor/20250728/EAB590EC9B90_EC8694EBA3A8ED86A0EC9DB4ED8390EAB5AC_26.png,19000
[교원] 솔루토이 국어 31권,초등저학년,교원,자연 · 과학,https://gndrbook.com/web/product/big/202507/09baba8c2e9d41fb830c5bfff1676d79.png,https://gndrbook.com/web/upload/NNEditor/20250728/EAB590EC9B90_EC8694EBA3A8ED86A0EC9DB4EBB8A4ECB488EB93B1EC9DB8EBACB8ED9599EAB7B8EBA6ACEC8AA4EBA19CEBA788EC8BA0ED9994_20.png,19000
[리틀씨앤톡] 우리반 시리즈 20권,초등저학년,리틀씨앤톡,자연 · 과학,https://gndrbook.com/web/product/big/202508/4da5e754407afb768e4bfafdd6659009.png,https://gndrbook.com/web/upload/NNEditor/20250725/EBA6ACED8B80EC94A8EC95A4ED86A1_EC9AB0EBA6ACEBB098EC8B9CEBA6ACECA688_20.png,22000
[기타] 초2 추천도서 17권 ⏳ 최대3~4주 지연되는 상품,초등저학년,기타,자연 · 과학,https://gndrbook.com/web/product/big/202508/6f25143f61c3f607dc8b13074acb0885.png,https://gndrbook.com/web/upload/NNEditor/20250729/EAB8B0ED8380_ECB488EB93B12ED9599EB8584EAB590EAB3BCEC8898EBA19DECB694ECB29CEB8F84EC849C_17.png,31000
[교원] 솔루토이 정치경제 31권,초등저학년,교원,자연 · 과학,https://gndrbook.com/web/product/big/202507/7d0ba8b50e4b6ea530a7f8f68cff0802.png,https://gndrbook.com/web/upload/NNEditor/20250728/EAB590EC9B90_EC8694EBA3A8ED86A0EC9DB4ECA095ECB998EAB2BDECA09C_31.png,19000
[아울북] 초등인문학 그리스로마신화 20권,초등저학년,아울북,자연 · 과학,https://gndrbook.com/web/product/big/202507/a233cb11db2d644df3825d9da1c50bc1.png,https://gndrbook.com/web/upload/NNEditor/20250725/EC9584EC9AB8EBB681_EBA78CED9994EBA19CEC9DBDEB8A94ECB488EB93B1EC9DB8EBACB8ED9599EAB7B8EBA6ACEC8AA4EBA19CEBA788EC8BA0ED9994_20.png,28000
[그레이트북스] 역지사지 세계문화 52권,초등저학년,그레이트북스,자연 · 과학,https://gndrbook.com/web/product/big/202507/2ed34bc116ec0b4eee5236296907f2cb.png,https://gndrbook.com/web/upload/NNEditor/20250724/EAB7B8EBA088EC9DB4ED8AB8EBB681EC8AA4_EC97ADECA780EC82ACECA780EC84B8EAB384EBACB8ED9994_52.png,17000
[그레이트북스] 으랏차차 이야기 세계사 45권,초등저학년,그레이트북스,자연 · 과학,https://gndrbook.com/web/product/big/202507/77ae10aa714be1420a93bc94a17b1d03.png,https://gndrbook.com/web/upload/NNEditor/20250822/EAB7B8EBA088EC9DB4ED8AB8EBB681EC8AA4_EC9C8CEB9E8FECB0A8ECB0A8EC9DB4EC95BCEAB8B0EC84B8EAB384EC82AC_45.png,19000
[아이세움] 엉덩이탐정 10권,초등저학년,아이세움,자연 · 과학,https://gndrbook.com/web/product/big/202507/a65348424e11c58989e674d6547907d1.png,https://gndrbook.com/web/upload/NNEditor/20250725/EC9584EC9DB4EC84B8EC9B80_EC9789EB8DA9EC9DB4ED8390ECA095_10.png,19000
[교원] 눈으로보는 정치경제 31권,초등저학년,교원,자연 · 과학,https://gndrbook.com/web/product/big/202601/4ee26f098c30fcc0c720425474e55ac8.png,https://gndrbook.com/web/upload/NNEditor/20250728/EAB590EC9B90_EB8888EC9CBCEBA19CEBB3B4EB8A94ECA095ECB998EAB2BDECA09C_31.png,19000
[교원] 솔루토이 예술 30권,초등저학년,교원,자연 · 과학,https://gndrbook.com/web/product/big/202507/eed7f74c2ef5b8def80b4d2cd77d2bcb.png,https://gndrbook.com/web/upload/NNEditor/20250728/EAB590EC9B90_EC8694EBA3A8ED86A0EC9DB4EC9888EC88A0_30.png,19000
[문학수첩] 해리포터 시리즈 23권,초등저학년,문학수첩,자연 · 과학,https://gndrbook.com/web/product/big/202507/864dfa899639e7e13659199491555193.png,https://gndrbook.com/web/upload/NNEditor/20250728/EBACB8ED9599EC8898ECB2A9_ED95B4EBA6ACED8FACED84B0EC8B9CEBA6ACECA688_23.png,31000
[자음과모음] 역사공화국 한국사법정 60권,초등저학년,자음과모음,자연 · 과학,https://gndrbook.com/web/product/big/202507/21e9f4f28e87538e310338a8ffb58fe9.png,https://gndrbook.com/web/upload/NNEditor/20250725/EC9E90EC9D8CEAB3BCEBAAA8EC9D8C_EC97ADEC82ACEAB3B5ED9994EAB5ADED959CEAB5ADEC82ACEBB295ECA095_60.png,31000
[사회평론] 용선생 세계사 15권,초등저학년,사회평론,자연 · 과학,https://gndrbook.com/web/product/big/202507/28deaab41ff40ae9d94cfc1b27cbae63.png,https://gndrbook.com/web/upload/NNEditor/20250725/EC82ACED9A8CED8F89EBA1A0_EAB590EC9691EC9CBCEBA19CEC9DBDEB8A94EC9AA9EC84A0EC839DEC84B8EAB384EC82AC_15.png,19000
[예림당] Why 한국사 34권,초등저학년,예림당,자연 · 과학,https://gndrbook.com/web/product/big/202508/8b84c5c4013843d8194261e773c45841.png,https://gndrbook.com/web/upload/NNEditor/20250728/EC9888EBA6BCEB8BB9_whyED959CEAB5ADEC82AC_34.png,15000
[서울문화사] 쿠키런 과학상식 35권⏳최대 3~4주 지연되는 상품,초등저학년,서울문화사,자연 · 과학,https://gndrbook.com/web/product/big/202508/b24cf24dcd3cb02fa75cbb3d00b13814.png,https://gndrbook.com/web/upload/NNEditor/20250729/EC849CEC9AB8EBACB8ED9994EC82AC_ECBFA0ED82A4EB9FB0EAB3BCED9599EC8381EC8B9D_35.png,31000
[사회평론] 용선생이 간다 세계 문화 여행 15권,초등저학년,사회평론,자연 · 과학,https://gndrbook.com/web/product/big/202508/b1d7881d6991c9546079357eac7b0218.png,https://gndrbook.com/web/upload/NNEditor/20250729/EC82ACED9A8CED8F89EBA1A0_EC9AA9EC84A0EC839DEC9DB4EAB084EB8BA4EC8B8EAB384EBACB8ED9994EC97ACED9689_EC9E90EC82ACEBAAB0_15.png,22000
[보리] 병만이 동만이 만만이 15권,초등저학년,보리,자연 · 과학,https://gndrbook.com/web/product/big/202508/5da7c9778568eaf8869ed1a35dd33aa4.png,https://gndrbook.com/web/upload/NNEditor/20250729/EBB3B4EBA6AC_EBB391EB8F99EBA78C_15.png,21000
[책읽는곰] 우리 문화 그림책 온고지신 22권,초등저학년,책읽는곰,자연 · 과학,https://gndrbook.com/web/product/big/202508/954385eba3ee630a9382a7b87ab359b7.png,https://gndrbook.com/web/upload/NNEditor/20250729/ECB185EC9DBDEB8A94EAB3B0_EC9AB0EBA6ACEBACB8ED9994EAB7B8EBA6BCECB185EC98A8EAB3A0ECA780EC8BA0_22.png,26000
[교원] 솔루토이 수학 30권,초등저학년,교원,자연 · 과학,https://gndrbook.com/web/product/big/202507/396ee0a88cbe0e8d0d34cfdffaf2e912.png,https://gndrbook.com/web/upload/NNEditor/20250728/EAB590EC9B90_EC8694EBA3A8ED86A0EC9DB4EC8898ED9599_30.png,19000
[자음과모음] 과학자가 들려주는 과학이야기 100권,초등저학년,자음과모음,자연 · 과학,https://gndrbook.com/web/product/big/202507/1b6f14a14fcd8338a24e84974e62b4fd.png,https://gndrbook.com/web/upload/NNEditor/20250725/EC9E90EC9D8CEAB3BCEBAAA8EC9D8C_EAB3BCED9599EC9E90EAB080EB93A4EBA0A4ECA3BCEB8A94EAB3BCED9599EC9DB4EC95BCEAB8B0_100.png,23000
[자음과모음] 과학공화국 법정시리즈 50권,초등저학년,자음과모음,자연 · 과학,https://gndrbook.com/web/product/big/202507/16d0c3d5857e30b77d5367b64d432c92.png,https://gndrbook.com/web/upload/NNEditor/20250725/EC9E90EC9D8CEAB3BCEBAAA8EC9D8C_EAB3BCED9599EAB3B5ED9994EAB5ADEBB295ECA095EC8B9CEBA6ACECA688_50.png,19000
[휘슬러] 만만히 역사 24권,초등저학년,휘슬러,자연 · 과학,https://gndrbook.com/web/product/big/202507/03d3e916e39c6b43d27a3cd225dae4d2.png,https://gndrbook.com/web/upload/NNEditor/20250725/ED9C98EC8AACEB9FAC_EBA78CEBA78CED9E88ED959CEAB5ADEC82AC2BEC84B8EAB384EC82AC_24.png,28000
[아울북] GOGO 카카오프렌즈 23권,초등저학년,아울북,자연 · 과학,https://gndrbook.com/web/product/big/202507/35d18a11e24b484330aa3e99f25c17d5.png,https://gndrbook.com/web/upload/NNEditor/20250725/EC9584EC9AB8EBB681_gogoECB9B4ECB9B4EC98A4ED9484EBA08CECA688_24.png,28000
[헤르만헤세] 나폴레옹 이야기 세계사 68권,초등저학년,헤르만헤세,자연 · 과학,https://gndrbook.com/web/product/big/202507/f45cfbf3179a25aa6e7875848b169534.png,https://gndrbook.com/web/upload/NNEditor/20250725/ED97A4EBA5B4EBA78CED97A4EC84B8_EB8298ED8FB4EBA088EC98B9EC9DB4EAB8B0EC84B8EAB384EC82AC_68.png,19000
[성우주니어] 국어뒤집기 기본편 40권,초등저학년,성우주니어,자연 · 과학,https://gndrbook.com/web/product/big/202507/546abba2cd1b3416cbbb15c4509b46c8.png,https://gndrbook.com/web/upload/NNEditor/20250725/EC84B1EC9AB0ECA3BCEB8B88EC96B4_EAB5ADEC96B4EB92A4ECA791EAB8B0EAB8B0EBB3B8ED8EB8_40.png,21000
[아이세움] 내일은 실험왕 40권,초등저학년,아이세움,자연 · 과학,https://gndrbook.com/web/product/big/202508/51ddf7f2659d54601b7f6476d73bb487.png,https://gndrbook.com/web/upload/NNEditor/20250729/EC9584EC9DB4EC84B8EC9B80_EB82B4EC9DBCEC9D80EC8BA4ED9798EC9995_40.png,15000
[교원] 솔루토이 한자 30권,초등저학년,교원,자연 · 과학,https://gndrbook.com/web/product/big/202507/02bd332733569d08fe8d1e21234f65e3.png,https://gndrbook.com/web/upload/NNEditor/20250728/EAB590EC9B90_EC8694EBA3A8ED86A0EC9DB4ED959CEC9E90_30.png,22000
[교원] 솔루토이 과학 34권,초등저학년,교원,자연 · 과학,https://gndrbook.com/web/product/big/202507/57b0ae303dc21b7cd4c347ce17afbc4e.png,https://gndrbook.com/web/upload/NNEditor/20250728/EAB590EC9B90_EC8694EBA3A8ED86A0EC9DB4EAB3BCED9599_34.png,22000
[길벗스쿨] 이상한 과자가게 전천당 13권,초등저학년,길벗스쿨,자연 · 과학,https://gndrbook.com/web/product/big/202507/b5d0e91b94625b077b0e2515cc814dbd.png,https://gndrbook.com/web/upload/NNEditor/20250725/EAB8B8EBB297EC8AA4ECBFA8_EC9DB4EC8381ED959CEAB3BCEC9E90EAB080EAB28CECA084ECB29CEB8BB9_13.png,19000
[성우주니어] 수학뒤집기 기본편 40권,초등저학년,성우주니어,자연 · 과학,https://gndrbook.com/web/product/big/202507/f37657fdcf4fba2a774dd438a85c8ad0.png,https://gndrbook.com/web/upload/NNEditor/20250725/EC84B1EC9AB0ECA3BCEB8B88EC96B4_EC8898ED9599EB92A4ECA791EAB8B0EAB8B0EBB3B8ED8EB8_40.png,19000
[주니어김영사] 서울대 선정만화 인문고전 50선 50권,초등저학년,주니어김영사,자연 · 과학,https://gndrbook.com/web/product/big/202508/c0ace73860a7648bced6f5d738ee14c1.png,https://gndrbook.com/web/upload/NNEditor/20250729/ECA3BCEB8B88EC96B4EAB980EC9881EC82AC_EC849CEC9AB8EB8C80EC84A0ECA095EBA78CED9994EC9DB8EBACB8EAB3A0ECA08450EC84A0_50.png,19000
[주니어김영사] 말이야와 친구들 6권,초등저학년,주니어김영사,자연 · 과학,https://gndrbook.com/web/product/big/202508/58b52cc5ea19087611b52a710d0bb0f4.png,https://gndrbook.com/web/upload/NNEditor/20250725/ECA3BCEB8B88EC96B4EAB980EC9881EC82AC_EBA790EC9DB4EC95BCEC9980ECB99CEAB5ACEB93A4_6.png,17000
[아이세움] 내일은 발명왕 22권,초등저학년,아이세움,자연 · 과학,https://gndrbook.com/web/product/big/202508/d338f515140a8ee5a56d95bb1875b276.png,https://gndrbook.com/web/upload/NNEditor/20250729/EC9584EC9DB4EC84B8EC9B80_EB82B4EC9DBCEC9E80EBB09CEBAA85EC9995_22.png,21000
[교원] 눈으로보는 그리스로마신화 35권,초등저학년,교원,자연 · 과학,https://gndrbook.com/web/product/big/202508/ccc71e2f9528e6acab64f97798b0ee1e.png,https://gndrbook.com/web/upload/NNEditor/20250728/EAB590EC9B90_EB8888EC9CBCEBA19CEBB3B4EB8A94EAB7B8EBA6ACEC8AA4EBA19CEBA788EC8BA0ED9994_35.png,19000
[교원] 솔루토이 인물 30권,초등저학년,교원,자연 · 과학,https://gndrbook.com/web/product/big/202507/67c2a497311bd62560bf2057fa4e0184.png,https://gndrbook.com/web/upload/NNEditor/20250728/EAB590EC9B90_EC8694EBA3A8ED86A0EC9DB4EC9DB8EBACBC_30.png,19000
[자음과모음] 수학자가 들려주는 수학이야기 88권,초등저학년,자음과모음,자연 · 과학,https://gndrbook.com/web/product/big/202507/0b024a772c14e3c9350f65edb3b233db.png,https://gndrbook.com/web/upload/NNEditor/20250725/EC9E90EC9D8CEAB3BCEBAAA8EC9D8C_EC8898ED9599EC9E90EAB080EB93A4EBA0A4ECA3BCEB8A94EC8898ED9599EC9DB4EC95BCEAB8B0_88.png,31000
[서울문화사] 수학도둑 43권,초등저학년,서울문화사,자연 · 과학,https://gndrbook.com/web/product/big/202507/c68ecce98f7a408071637b41aec8cadc.png,https://gndrbook.com/web/upload/NNEditor/20250725/EC849CEC9AB8EBACB8ED9994EC82AC_EC8898ED9599EB8F84EB9191_43.png,17000
[휘슬러] 히스토리 톡톡 40권,초등저학년,휘슬러,자연 · 과학,https://gndrbook.com/web/product/big/202208/1889c1983d8b135b71c805a7eae9d0a9.png,https://gndrbook.com/web/upload/NNEditor/20250729/ED9C98EC8AACEB9FAC_ED9E88EC8AA4ED86A0EBA6ACED86A1ED86A1_40.png,28000
[성우주니어] 과학뒤집기 심화편 50권,초등저학년,성우주니어,자연 · 과학,https://gndrbook.com/web/product/big/202507/a4b7b6e17a760c6a9ab510b30ca75451.png,https://gndrbook.com/web/upload/NNEditor/20250725/EC84B1EC9AB0ECA3BCEB8B88EC96B4_EAB3BCED9599EB92A4ECA791EAB8B0E8BACED9994ED8EB8_40.png,19000
[서울문화사] 수학도둑 23권 [44번 ~ 66번],초등저학년,서울문화사,자연 · 과학,https://gndrbook.com/web/product/big/202508/3f0a1eac92363286f7dc85e6253a324e.png,https://gndrbook.com/web/upload/NNEditor/20250725/EC849CEC9AB8EBACB8ED9994EC82AC_EC8898ED9599EB8F84EB9191_23.png,19000
[브릿지북스] 수학 바이러스 12권,초등저학년,브릿지북스,자연 · 과학,https://gndrbook.com/web/product/big/202508/d96cade9c4245a50d617ebaae8c07967.png,https://gndrbook.com/web/upload/NNEditor/20250725/EBB88CEBA6BFECA780EBB681EC8AA4_EC8898ED9599EBB094EC9DB4EB9FACEC8AA4_12.png,19000
[밝은미래] 그레이트 피플 50권,초등저학년,밝은미래,자연 · 과학,https://gndrbook.com/web/product/big/202601/4b1e463f66404a38557c8a2cb26322cc.png,https://gndrbook.com/web/upload/NNEditor/20250729/EBB09DEC9D80EBAFB8EB9E98_EAB7B8EBA088EC9DB4ED8AB8ED94BCED948C_50.png,31000
[셰익스피어] How so 필독도서 세계 큰인물 100권,초등저학년,셰익스피어,자연 · 과학,https://gndrbook.com/web/product/big/202508/2518194f205bc2a3cc4fffddb801cd81.png,https://gndrbook.com/web/upload/NNEditor/20250729/EC85B0EC9DB5EC8AA4ED94BCEC96B4_howsoED9584EB8F85EB8F84EC849CEC84B8EAB384EB81B0EC9DB8EBACBC_100.png,19000
[예림당] Why 피플 인물탐구 49권,초등저학년,예림당,자연 · 과학,https://gndrbook.com/web/product/big/202508/40cd2a4505d0e067b4f85a0fab0829e9.png,https://gndrbook.com/web/upload/NNEditor/20250728/EC9888EBA6BCEB8BB9_whyED94BCED948CEC9DB8EBACBCED8390EAB5AC_49.png,17000
[교원] 호야토야 세계옛이야기 50권,초등저학년,교원,자연 · 과학,https://gndrbook.com/web/product/big/202508/f2f2efe996823dac2ea5771d0aee62f3.png,https://gndrbook.com/web/upload/NNEditor/20250728/EAB590EC9B90_ED98B8EC95BCED86A0EC95BCEC84B8EAB384EC989BEC9DB4EC8AEBCEAB8B0_50.png,19000
[교원] 호시탐탐 세계사 27권,초등저학년,교원,자연 · 과학,https://gndrbook.com/web/product/big/202508/835fd7ab243e0b7dd96f8569e96dd3bf.png,https://gndrbook.com/web/upload/NNEditor/20250728/EAB590EC9B90_ED98B8EC8B9CED8390ED8390EC84B8EAB384EC82AC_27.png,19000
[교원] 솔루토이 세계사 34권,초등저학년,교원,자연 · 과학,https://gndrbook.com/web/product/big/202507/4299b64c40d6835c01459ab0b1853320.png,https://gndrbook.com/web/upload/NNEditor/20250728/EAB590EC9B90_EC8694EBA3A8ED86A0EC9DB4EC8BB8EAB384EC82AC_34.png,19000
[웅진] 푸른담쟁이 세계문학 40권,초등저학년,웅진,자연 · 과학,https://gndrbook.com/web/product/big/202507/beda189ac3446e4e9593419355cf15b1.png,https://gndrbook.com/web/upload/NNEditor/20250728/EC9B85ECA784_ED91B8EBA5B8EB8BB4EC9F81EC9DB4EC8BB8EAB384EBACB8ED9599_40.png,19000
[주니어김영사] 만화 세계대역사 50사건 50권,초등저학년,주니어김영사,자연 · 과학,https://gndrbook.com/web/product/big/202507/126e76f329202419c02c7fdbdcb80d28.png,https://gndrbook.com/web/upload/NNEditor/20250725/ECA3BCEB8B88EC96B4EAB980EC9881EC82ACE_CE84EAB384EC849DED9599EB93A4EC9DB4EBBD91EC9D80EBA78CED9994EC84B8EAB384EB958CEC97ADEC82AC_50.png,22000
[다산북스] Who 인물사이언스 40권,초등저학년,다산북스,자연 · 과학,https://gndrbook.com/web/product/big/202507/de822d1b6b707e8045c7075390edb5eb.png,https://gndrbook.com/web/upload/NNEditor/20250725/copy-1753427384-EB8BA4EC82B0EBB681EC8AA4_whoEC9DB8EBACBCEC82ACEC9DB4EC96B8EC8AA4_40.png,19000
[예림당] Why 세계사 25권,초등저학년,예림당,자연 · 과학,https://gndrbook.com/web/product/big/202508/8a3cd670d6024ba20caac50ec3693a5a.png,https://gndrbook.com/web/upload/NNEditor/20250728/EC9888EBA6BCEB8BB9_whyEC84B8EAB384EC82AC_25.png,26000
[성우주니어] 수학뒤집기 심화편 40권,초등저학년,성우주니어,자연 · 과학,https://gndrbook.com/web/product/big/202507/dff2a1ba9cfbb202630a55f9d516c6bc.png,https://gndrbook.com/web/upload/NNEditor/20250725/EC84B1EC9AB0ECA3BCEB8B88EC96B4_EC8898ED9599EB92A4ECA791EAB8B0E8BACED9994ED8EB8_40.png,19000
[브레인고] 일거양득 우리고전 속 천자문 60권,초등저학년,브레인고,자연 · 과학,https://gndrbook.com/web/product/big/202211/b14ddea3662873dccd9e90fcebb38d76.jpg,https://gndrbook.com/web/upload/NNEditor/20250729/EBB88CEBA088EC9DB8EAB3B0_EC9DBCEAB1B0EC9691EB939DEC9AB0EBA6ACEAB3A0ECA084EC868DECB29CEC9E90EBACB8_60.png,15000
[통큰세상] 영웅호걸 삼국지 30권,초등저학년,통큰세상,자연 · 과학,https://gndrbook.com/web/product/big/202508/d535f81b09e99ef48c3d7010cfd84c10.png,https://gndrbook.com/web/upload/NNEditor/20250729/ED86B5ED81B0EC84B8EC8381_EC9881EC9B85ED98B8EAB1B8EC8B9CECAB5ADECA780_30.png,19000
[웅진] 재미만만 우리고전 20권,초등저학년,웅진,자연 · 과학,https://gndrbook.com/web/product/big/202508/834a5a3356fcabdbe4ab6533984d90ae.png,https://gndrbook.com/web/upload/NNEditor/20250728/EC9B85ECA784_EC9EACEBAFB8EBA78CEBA78CEC9AB0EBA6ACEAB3A0ECA084_20.png,31000
[예림당] Why 수학 16권,초등저학년,예림당,자연 · 과학,https://gndrbook.com/web/product/big/202508/67d9963614c228d194987888fa2af51c.png,https://gndrbook.com/web/upload/NNEditor/20250728/EC9888EBA6BCEB8BB9_whyEC8898ED9599_16.png,19000
[교원] 호시탐탐 세계문화 25권,초등저학년,교원,자연 · 과학,https://gndrbook.com/web/product/big/202508/b5bac6958eb85a7614aeae7f7c2e7f4d.png,https://gndrbook.com/web/upload/NNEditor/20250728/EAB590EC9B90_ED98B8EC8B9CED8390ED8390EC84B8EAB384EBACB8ED9994_25.png,19000
[웅진] 푸른담쟁이 우리문학 40권,초등저학년,웅진,자연 · 과학,https://gndrbook.com/web/product/big/202507/72cd83acf05b20b707dc5d1ee11f154b.png,https://gndrbook.com/web/upload/NNEditor/20250728/EC9B85ECA784_ED91B8EBA5B8EB8BB4EC9F81EC9DB4EC9AB0EBA6ACEBACB8ED9599_40.png,19000
[웅진] 신들과의 첫인사 그리스로마신화 33권,초등저학년,웅진,자연 · 과학,https://gndrbook.com/web/product/big/202507/4fe194241ad5ae9c0a8a057beefc5a3a.png,https://gndrbook.com/web/upload/NNEditor/20250728/EC9B85ECA784_EC8BA0EB93A4EAB3BCEC9D98ECB2ABEC9DB8EC82ACEAB7B8EBA6ACEC8AA4EBA19CEBA788EC8BA0ED9994_33.png,19000
[다산북스] Who 세계인물 40권,초등저학년,다산북스,자연 · 과학,https://gndrbook.com/web/product/big/202507/a8812462402e878bd3e4b6dc8afd8ab7.png,https://gndrbook.com/web/upload/NNEditor/20250725/EB8BA4EC82B0EBB681EC8AA4_whoEC84B8EAB384EC9DB8EBACBC_40.png,19000
[사회평론] 용선생 시끌벅적 과학교실 25권,초등저학년,사회평론,자연 · 과학,https://gndrbook.com/web/product/big/202208/e17e01160eea9ba2b32c2014bcf738e4.png,https://gndrbook.com/web/upload/NNEditor/20240710/EC8381_EC82ACED9A8CED8F89EBA1A0_EC9AA9EC84A0EC839DEC9D98EC8B9CEB818CEBB285ECA081EAB3BCED9599EAB590EC8BA425.png,31000
[단꿈아이] 설민석의 삼국지 대모험 22권,초등저학년,단꿈아이,자연 · 과학,https://gndrbook.com/web/product/big/202508/408e25d4252c2d21fb739be056d9a2e1.png,https://gndrbook.com/web/upload/NNEditor/20250725/EB8BA8EABF88EC9584EC9DB4_EC84A4EBAFBCEC849DEC9DB8EBACBC_EC8B9CEB818CEBB285ECA081EAB3BCED9599EAB590EC8BA422.png,33000
[기타] 초3 추천도서 21권,초등저학년,기타,자연 · 과학,https://gndrbook.com/web/product/big/202508/a33f60c27c91e336ec13268806aaae37.png,https://gndrbook.com/web/upload/NNEditor/20250729/EAB8B0ED8380_ECB488EB93B13ED9599EB8584EAB590EAB3BCED8898EBA19DECB694ECB29CEB8F84EC849C_21.png,22000
[시공주니어] 나무집 시리즈 11권,초등저학년,시공주니어,자연 · 과학,https://gndrbook.com/web/product/big/202508/9c5e9ab3604758a7d91e4ee5a9385296.png,https://gndrbook.com/web/upload/NNEditor/20250729/EC8B9CEAB3B5ECA3BCEB8B88EC96B4_EB8298EBACB4ECA791EC8B9CEBA6ACECA688_11.png,19000
[아이세움] 설민석의 세계사 대모험 1-11번,초등저학년,아이세움,자연 · 과학,https://gndrbook.com/web/product/big/202508/da32f8903d982cc35ef5c18a94930df9.png,https://gndrbook.com/web/upload/NNEditor/20250729/EC9584EC9DB4EC9B80_EC84A4EBAFBCEC849DEC9DB8EC84B8EAB384EC82ACEBAAA8ED9798_11.png,19000
[헤르만헤세] 서울대선정 한국문학전집 100권,초등저학년,헤르만헤세,자연 · 과학,https://gndrbook.com/web/product/big/202509/fa7b07fe3c51489629e861540b1f0b26.png,https://gndrbook.com/web/upload/NNEditor/20250729/ED97A4EBA5B4EBA78CED97A4EC8E84_EC849CEC9AB8EB8C80EC84A0ECA095ED959CEAB5ADEBACB8ED9599ECA084ECA791_100.png,19000
[셰익스피어] How so 필독도서 세계명작문학 100권,초등저학년,셰익스피어,자연 · 과학,https://gndrbook.com/web/product/big/202601/f467475c926d4234b125ea4cdca8d274.png,https://gndrbook.com/web/upload/NNEditor/20250729/EC85B0EC9DB5EC8AA4ED94BCEC96B4_howsoED9584EB8F85EB8F84EC849CEC84B8EAB384EBAA85EC9E91EBACB8ED9599_100.png,21000
[아이세움] 만화 역사상식 보물찾기 35권,초등저학년,아이세움,자연 · 과학,https://gndrbook.com/web/product/big/202508/2879e45103fced6976578f06cfd65a85.png,https://gndrbook.com/web/upload/NNEditor/20250729/EC9584EC9DB4EC8E8B8EC9B80_EBA78CED9994EC97ADEC82ACEC8381EC8B9DEBB3B4EBACBCECB0BEEAB8B0EC8B9CEBA6ACECA688_35.png,31000
[예림당] Why 인문사회 23권,초등저학년,예림당,자연 · 과학,https://gndrbook.com/web/product/big/202508/81a81e0adfe09271e58019af92b8434a.png,https://gndrbook.com/web/upload/NNEditor/20250728/EC9888EBA6BCEB8BB9_whyEC9DB8EBACB8EC82ACEED9A8C_25.png,26000
[교원] 호시탐탐 과학 27권,초등저학년,교원,자연 · 과학,https://gndrbook.com/web/product/big/202508/1e754b011a602d796773c51a93eae0db.png,https://gndrbook.com/web/upload/NNEditor/20250728/EAB590EC9B90_ED98B8EC8B9CED8390ED8390EAB3BCED9599_27.png,19000
[교원] 호시탐탐 한국인물 30권,초등저학년,교원,자연 · 과학,https://gndrbook.com/web/product/big/202508/86adc311fb5f5d5d5917696e4ddbba20.png,https://gndrbook.com/web/upload/NNEditor/20250728/EAB590EC9B90_ED98B8EC8B9CED8390ED8390ED959CEAB5ADEC9DB8EBACBC_30.png,19000
[교원] 호시탐탐 문화유산 27권,초등저학년,교원,자연 · 과학,https://gndrbook.com/web/product/big/202508/56961e2e3377bf9b05643432ab964da8.png,https://gndrbook.com/web/upload/NNEditor/20250728/EAB590EC9B90_ED98B8EC8B9CED8390ED8390EBACB8ED9994EC9CA0EC82B0_27.png,19000
[아울북] 비밀요원 레너드 10권,초등저학년,아울북,자연 · 과학,https://gndrbook.com/web/product/big/202508/9ad19bdcb49222795f68ae2f6d8d0367.png,https://gndrbook.com/web/upload/NNEditor/20250725/EC9584EC9AB8EBB681_EBB984EBB080EC9A94EC9B90EBA088EB8488EB939C_10.png,12000
[퍼킨스] 세계문학 갤러리 65권,초등저학년,퍼킨스,자연 · 과학,https://gndrbook.com/web/product/big/202508/fdc915a0321faccab2818684c95db354.png,https://gndrbook.com/web/upload/NNEditor/20250729/ED8DBCED82A8EC8AA4_EC84B8EAB384EBACB8ED9599EAB0A4EB9FACEBA6AC_65.png,19000
[교원] 솔루토이 한국사 33권,초등저학년,교원,자연 · 과학,https://gndrbook.com/web/product/big/202508/06bd5400e5c648ad167ccba7cba0c1e4.png,https://gndrbook.com/web/upload/NNEditor/20250729/EAB590EC9B90_EC8694EBA3A8ED86A0EC9DB4ED959CEAB5ADEC82AC_EC9E90EC82ACEBAAB0_33.png,22000
[사파리] 제로니모의 환상모험 20권,초등저학년,사파리,자연 · 과학,https://gndrbook.com/web/product/big/202508/bb13d566a8ded2b75b261a60a5eaec1c.png,https://gndrbook.com/web/upload/NNEditor/20250729/EC82ACED8C8CEBA6AC_ECA09CEBA19CEB8B88EBAAA8EC9D98ED9998EC8381EBAAA8ED9798_20.png,24000
[김영사] 새로만든 먼나라 이웃나라 15권,초등저학년,김영사,자연 · 과학,https://gndrbook.com/web/product/big/202508/9e8f25aed93000298b7bac633a88508b.png,https://gndrbook.com/web/upload/NNEditor/20250729/EAB980EC9881EC82AC_EC8388EBA19CEBA78CEB93A0EBA8BCEB8298EB9DBCEC9DB4EC9B83EB8298EB9DBC_15.png,20000
[서울문화사] 쿠키런 어드벤처 42권,초등저학년,서울문화사,자연 · 과학,https://gndrbook.com/web/product/big/202508/94ffed9c2807718ecac62d05a3d20c5a.png,https://gndrbook.com/web/upload/NNEditor/20250725/EC849CEC9AB8EBACB8ED9994EC82AC_ECBFA0ED82A4EB9FB0EC96B4EB939CEBB2A4ECB298_42.png,22000
[주니어김영사] 앗 시리즈 150권,초등저학년,주니어김영사,자연 · 과학,https://gndrbook.com/web/product/big/202508/1070d892e9091e7aa052df9e03ff4bf6.png,https://gndrbook.com/web/upload/NNEditor/20250729/ECA3BCEB8B88EC96B4EAB980EC9881EC82AC_EC9597EC8B9CEBA6ACECA688_150.png,22000
[통큰세상] 필독도서 한국창작문학. 한국대표문학 80권,초등저학년,통큰세상,자연 · 과학,https://gndrbook.com/web/product/big/202508/fe01f228a0e06a33ec158ef981de26aa.png,https://gndrbook.com/web/upload/NNEditor/20250729/ED86B5ED81B0EC84B8EC8381_ED9584EB8F85EB8F84EC849CED959CEAB5ADECB0BDEC9E91EBACB8ED9599ED959CEAB5ADEB8C80ED919CEBACB8ED9599_80.png,17000
[아이세움] 브리태니커 만화 백과 50권,초등저학년,아이세움,자연 · 과학,https://gndrbook.com/web/product/big/202508/f9240b24d935429b7459e6053cbac6fd.png,https://gndrbook.com/web/upload/NNEditor/20250728/EC9584EC9DB4EC8B8B8EC9B80_EBB88CEBA6ACED839CEB8B88ECBBA4EBA78CED9994EBB0B1EAB3BC_50.png,19000
[교원] 스마트통 과학 24권,초등저학년,교원,자연 · 과학,https://gndrbook.com/web/product/big/202507/d299ed9353eff0f9163776507a29f9a7.png,https://gndrbook.com/web/upload/NNEditor/20250728/EAB590EC9B90_EC8AA4EBA788ED8AB8ED86B5EAB3BCED9599_24.png,19000
[교원] 눈으로보는 중국고전 40권,초등저학년,교원,자연 · 과학,https://gndrbook.com/web/product/big/202508/181816f8171a0601b298c8ef8530aa32.png,https://gndrbook.com/web/upload/NNEditor/20250728/EAB590EC9B90_EB8888EC9CBCEBA19CEBB3B4EB8A94ECA491EAB5ADEAB3A0ECA084_40.png,17000
[아이세움] 설민석의 세계사 대모험 12-23번,초등저학년,아이세움,자연 · 과학,https://gndrbook.com/web/product/big/202509/48f120ebd427e5f169f5f963832f36b3.png,https://gndrbook.com/web/upload/NNEditor/20250922/EC9584EC9DB4EC8B8B8EC9B80_EC84A4EBAFBCEC849DEC9DB8EBACBC_EC8B9CEB818CEBB285ECA081EAB3BCED9599EAB590EC8BA412.png,29000
[아이세움] 웃소 5권,초등저학년,아이세움,자연 · 과학,https://gndrbook.com/web/product/big/202508/deb912563dadeceea8a442eaf8ae704f.png,https://gndrbook.com/web/upload/NNEditor/20250729/EC9584EC9DB4EC8B8B8EC9B80_EC9B83EC868C_5.png,11000
[길벗스쿨] 손에 잡히는 사회교과서 20권,초등저학년,길벗스쿨,자연 · 과학,https://gndrbook.com/web/product/big/202508/8526f20d39487ee42e200286f62812b9.png,https://gndrbook.com/web/upload/NNEditor/20250729/EAB8B8EBB297EC8AA4ECBFA8_EC8690EC9790EC9EA1ED9E88EB8A94EC82ACED9A8CEAB590EAB3BCEC849C_20.png,19000
[길벗스쿨] 손에 잡히는 과학교과서 20권,초등저학년,길벗스쿨,자연 · 과학,https://gndrbook.com/web/product/big/202508/c2dd77515da9fb7a2b75957381698e4a.png,https://gndrbook.com/web/upload/NNEditor/20250729/EAB8B8EBB297EC8AA4ECBFA8_EC8690EC9790EC9EA1ED9E88EB8A94EAB3BCED9599EAB590EAB3BCEC849C_20.png,19000
[뭉치] 뭉치 수학왕 40권,초등저학년,뭉치,자연 · 과학,https://gndrbook.com/web/product/big/202508/eb364a54a857316eec03fd64f424f51f.png,https://gndrbook.com/web/upload/NNEditor/20250729/EBAD89ECB998_EBAD89ECB998EC8898ED9599EC9995_40.png,31000
[휘슬러] 사이언싱 톡톡 40권,초등저학년,휘슬러,자연 · 과학,https://gndrbook.com/web/product/big/202508/859abc38bfd26db764d070ce184a64c8.png,https://gndrbook.com/web/upload/NNEditor/20250729/ED9C98EC8AACEB9FAC_EC82ACEC9DB4EC96B8EC8BB1ED86A1ED86A1_40.png,21000
[셰익스피어] 통합교과 세계지리탐구 46권,초등저학년,셰익스피어,자연 · 과학,https://gndrbook.com/web/product/big/202508/f56ae3fdb00943ac271fc6849ba0751d.png,https://gndrbook.com/web/upload/NNEditor/20250729/EC85B0EC9DB5EC8AA4ED94BCEC96B4_ED86B5ED95A9EAB590EAB3BCEC84B8EAB384ECA780EBA6ACED8390EAB5AC_46.png,22000
[위즈덤하우스] 토깽이네 지구 구출 대작전 5권,초등저학년,위즈덤하우스,자연 · 과학,https://gndrbook.com/web/product/big/202508/e96f13019fefd36b77fa9ea93ae683ab.png,https://gndrbook.com/web/upload/NNEditor/20250725/EC9C84ECA688EB8DA4ED9598EC9AB0EC8AA4_ED86A0EAB9BDEC9DB4EB84A4ECA780EAB5ACEAB5ACECB69CEB8C80ECA791ECA084_5.png,15000
[헤르만헤세] How so 하버드대 선정 인문고전 60권,초등저학년,헤르만헤세,자연 · 과학,https://gndrbook.com/web/product/big/202508/2260ecfc7e76c4bb31e645b4ae36a824.png,https://gndrbook.com/web/upload/NNEditor/20250729/ED97A4EBA5B4EBA78CED97A4EC8E84_howsoED9598EBB284EB939CEB8C80EC84A0ECA095EC9DB8EBACB8EAB3A0ECA084_60.png,25000
[교원] 호시탐탐 세계인물 30권,초등저학년,교원,자연 · 과학,https://gndrbook.com/web/product/big/202508/220f2864ab031e0b5e8ec6ace526791d.png,https://gndrbook.com/web/upload/NNEditor/20250728/EAB590EC9B90_ED98B8EC8B9CED8390ED8390EC84B8EAB384EC9DB8EBACBC_30.png,19000
[예림당] Why 인문고전 29권,초등저학년,예림당,자연 · 과학,https://gndrbook.com/web/product/big/202508/d040d9264b303c004aeb1a7e676a6283.png,https://gndrbook.com/web/upload/NNEditor/20260619/copy-1781837582-3~4ECA3BCECA780EC97B0.png,17000
[계몽사] 디즈니 그림명작 60권⏳최대 3~4주 지연되는 상품,초등저학년,계몽사,자연 · 과학,https://gndrbook.com/web/product/big/202507/78d66223ebc9abf3ee1216ccc9acf488.png,https://gndrbook.com/web/upload/NNEditor/20250725/EAB384EBAABDEC82AC_EB9494ECA688EC9DB4EAB7B8EBA6BCEBAA85EC9E91_60.png,17000
[가나] 만화로보는 그리스로마신화 25권⏳ 최대 3~4주 지연되는 상품,초등저학년,가나,자연 · 과학,https://gndrbook.com/web/product/big/202507/bde74e605b149a230f95cc92f5da8c30.png,https://gndrbook.com/web/upload/NNEditor/20250725/EAB080EB8298_EBA78CED9994EBA19CEBB3B4EB8A94EAB7B8EBA6ACEC8AA4EBA19CEBA788EC8BA0ED9994_25.png,21000
[비룡소] 난 책읽기가 좋아 2단계 60권,초등저학년,비룡소,자연 · 과학,https://gndrbook.com/web/product/big/202508/6bec50acdf2ce02699d4a4cd1dc15a9e.png,https://gndrbook.com/web/upload/NNEditor/20260401/EBB984EBA3A1EC868C_EB829CECB185EC9DBDEAB8B0EAB080ECA28BEC95842EB8BA8EAB384_60_2.png,19000
[그레이트북스] 우리문학 책시루 64권,초등저학년,그레이트북스,자연 · 과학,https://gndrbook.com/web/product/big/202507/f1d5cd4c0bc8783f991371216d731221.png,https://gndrbook.com/web/upload/NNEditor/20251117/EAB7B8EBA088EC9DB4ED8AB8EBB681EC8AA4_EC9AB0EBA6ACEBACB8ED9599ECB185EC8B9CEBA3A8_64.png,19000
[아울북] 마법천자문 44권,초등저학년,아울북,자연 · 과학,https://gndrbook.com/web/product/big/202508/2dd43e4509ceedc92968b761ffbf9d90.png,https://gndrbook.com/web/upload/NNEditor/20250729/EC9584EC9AB8EBB681_EBA788EBB295ECB29CEC9E90EBACB8_44.png,19000
[기타] 초1 추천도서 10권,초등저학년,기타,자연 · 과학,https://gndrbook.com/web/product/big/202508/d4b7d6806fcc15fc01a0f80e4aa639ef.png,https://gndrbook.com/web/upload/NNEditor/20250729/EAB8B0ED8380_ECB488EB93B11ED9599EB8584EAB590EAB3BCEC8898EBA19DECB694ECB29CEB8F84EC849C_10.png,22000
[자음과모음] 철학자가 들려주는 철학이야기 100권,초등저학년,자음과모음,자연 · 과학,https://gndrbook.com/web/product/big/202507/84f3ca3ed9e5b69d06abe1c33dac5675.png,https://gndrbook.com/web/upload/NNEditor/20250725/EC9E90EC9D8CEAB3BCEBAAA8EC9D8C_ECB2A0ED9599EC9E90EAB080EB93A4EBA0A4ECA3BCEB8A94ECB2A0ED9599EC9DB4EC95BCEAB8B0_100.png,38000
[좋은책어린이] 저학년문고 시리즈 60권,초등저학년,좋은책어린이,자연 · 과학,https://gndrbook.com/web/product/big/202507/05cda062341d6b853105a22e33d7e58d.png,https://gndrbook.com/web/upload/NNEditor/20250725/ECA28BEC9D80ECB185EC96B4EBA6B0EC9DB4_ECA080ED9599EB8584EBACB8EAB3A0EC8B9CEBA6ACECA688_60.png,19000
[성우주니어] 과학뒤집기 기본편 40권,초등저학년,성우주니어,자연 · 과학,https://gndrbook.com/web/product/big/202507/062dd98e88c27509426b92269a22832b.png,https://gndrbook.com/web/upload/NNEditor/20250813/EC84B1EC9AB0ECA3BCEB8B88EC96B4_EAB3BCED9599EB92A4ECA791EAB8B0EAB8B0EBB3B8ED8EB8_40.png,21000
[비룡소] 마법의 시간여행 55권,초등저학년,비룡소,자연 · 과학,https://gndrbook.com/web/product/big/202508/7ee069b346205889fdf7aedb6395f01f.png,https://gndrbook.com/web/upload/NNEditor/20250729/EBB984EBA3A1EC868C_EBA788EBB295EC9D98EC8B9CEAB084EC97ACED9689_55.png,17000
[아울북] 초등인문학 그리스로마신화 10권,초등저학년,아울북,자연 · 과학,https://gndrbook.com/web/product/big/202602/fafd33f06d62039c2c55887dbc6bcfa0.png,https://gndrbook.com/web/upload/NNEditor/20260306/EC9584EC9AB8EBB681_EBA78CED9994EBA19CEC9DBDEB8A94ECB488EB93B1EC9DB8EBACB8ED9599EAB7B8EBA6ACEC8AA4EBA19CEBA788EC8BA0ED9994_10.png,19000
[아이세움] 서바이벌 만화 과학상식 살아남기 40권,초등저학년,아이세움,자연 · 과학,https://gndrbook.com/web/product/big/202508/9660a08caf4a9eb5ef973f93fae44156.png,https://gndrbook.com/web/upload/NNEditor/20260106/EC9584EC9DB4EC84B8EC9B80_EC849CEBB094EC9DB4EBB28CEBA78CED9994EAB3BCED9599EC8381EC8B9DEC82B4EC9584EB82A8EAB8B0_40.png,31000
[교원] 솔루토이 삼국유사 삼국사기 52권,초등저학년,교원,자연 · 과학,https://gndrbook.com/web/product/big/202507/f256a6604266b70c5a06d7588489521b.png,https://gndrbook.com/web/upload/NNEditor/20250728/EAB590EC9B90_EAB780EBA19CEB93A3EB8A94EC8694EBA3A8ED86A0EC9DB4EC82BCEAB5ADEC9CA0EC82ACEC82BCEAB5ADEC82ACEAB8B0_52.png,17000
[다산북스] Who 인물한국사 40권,초등저학년,다산북스,자연 · 과학,https://gndrbook.com/web/product/big/202507/6acd3a5eafc5b0a324e1db0f8d4c32eb.png,https://gndrbook.com/web/upload/NNEditor/20250725/EB8BA4EC82B0EBB681EC8AA4_whoEC9DB8EBACBCED959CEAB5ADEC82AC_40.png,19000
[아이세움] 흔한남매 19권,초등저학년,아이세움,자연 · 과학,https://gndrbook.com/web/product/big/202508/9b63e12ae094f2ed0f3dd855adb9eca5.png,https://gndrbook.com/web/upload/NNEditor/20250917/EC9584EC9DB4EC84B8EC9B80_ED9D94ED959CEB82A8EBA7A4_19.png,25000
[성우주니어] 사회뒤집기 기본편 40권,초등저학년,성우주니어,자연 · 과학,https://gndrbook.com/web/product/big/202507/e7a575b5d3e582e59e3e6ac2a6fd8a60.png,https://gndrbook.com/web/upload/NNEditor/20250725/EC84B1EC9AB0ECA3BCEB8B88EC96B4_EC82ACED9A8CEB92A4ECA791EAB8B0EAB8B0EBB3B8ED8EB8_40.png,21000
[봄이아트북스] 공룡대발이 미래직업동화 30권,초등저학년,봄이아트북스,자연 · 과학,https://gndrbook.com/web/product/big/202509/cc6937229b8435402d1f0451b2e2a816.png,https://gndrbook.com/web/upload/NNEditor/20250725/EBB484EC9DB4EC9584ED8AB8EBB681EC8AA4_EAB3B5EBA3A1EB8C80EBB09CEC9DB4EBAFB8EB9E98ECA781EC9785EB8F99ED9994_30.png,16000
[교원] 생각이 반짝이는 지식별 45권,초등저학년,교원,자연 · 과학,https://gndrbook.com/web/product/big/202507/ea5558b0a6e1d386c5a4e316664b85d2.png,https://gndrbook.com/web/upload/NNEditor/20250728/EAB590EC9B90_EC839DEAB081EC9DB4EBB098ECA79DEC9DB4EB8A94ECA780EC8B9DEBB384_45.png,22000
[자음과모음] 천재들이 만든 수학퍼즐 40권,초등저학년,자음과모음,자연 · 과학,https://gndrbook.com/web/product/big/202507/a3f09b5381f8dc37712920c0262e8c61.png,https://gndrbook.com/web/upload/NNEditor/20250725/EC9E90EC9D8CEAB3BCEBAAA8EC9D8C_ECB29CEC9EACEB93A4EC9DB4EBA78CEB93A0EC8898ED9599ED8DBCECA690_40.png,25000
[서울문화사] 쿠키런 서바이벌 대작전 40권,초등저학년,서울문화사,자연 · 과학,https://gndrbook.com/web/product/big/202508/01cc85be643fa71f6231e72309786838.png,https://gndrbook.com/web/upload/NNEditor/20250725/EC849CEC9AB8EBACB8ED9994EC82AC_ECBFA0ED82A4EB9FB0EC849CEBB094EC9DB4EBB28CEB8C80EC9E91ECA084_40.png,28000
[교원] 호시탐탐 논리국어 26권,초등저학년,교원,자연 · 과학,https://gndrbook.com/web/product/big/202508/85628ead5f4a6e34d29aeb337ed1429d.png,https://gndrbook.com/web/upload/NNEditor/20250728/EAB590EC9B90_ED98B8EC9B9CED8390ED8390EB85BCEBA6ACEAB5ADEC96B4_EC9E90EC82ACEBAAB0_26.png,19000
[교원] 솔루토이 탐구 26권,초등저학년,교원,자연 · 과학,https://gndrbook.com/web/product/big/202507/76c356d472e50e8986cb64233b29b08f.png,https://gndrbook.com/web/upload/NNEditor/20250728/EAB590EC9B90_EC8694EBA3A8ED86A0EC9DB4ED8390EAB5AC_26.png,19000
[교원] 솔루토이 국어 31권,초등저학년,교원,자연 · 과학,https://gndrbook.com/web/product/big/202507/09baba8c2e9d41fb830c5bfff1676d79.png,https://gndrbook.com/web/upload/NNEditor/20250728/EAB590EC9B90_EC8694EBA3A8ED86A0EC9DB4EBB2ADEC96B4_31.png,19000
[리틀씨앤톡] 우리반 시리즈 20권,초등저학년,리틀씨앤톡,자연 · 과학,https://gndrbook.com/web/product/big/202508/4da5e754407afb768e4bfafdd6659009.png,https://gndrbook.com/web/upload/NNEditor/20250725/EBA6ACED8B80EC94A8EC9AA4ED86A1_EC9AB0EBA6ACEBB098EC8B9CEBA6ACECA688_20.png,22000
[기타] 초2 추천도서 17권 ⏳ 최대3~4주 지연되는 상품,초등저학년,기타,자연 · 과학,https://gndrbook.com/web/product/big/202508/6f25143f61c3f607dc8b13074acb0885.png,https://gndrbook.com/web/upload/NNEditor/20250729/EAB8B0ED8380_ECB488EB93B12ED9599EB8584EAB590EAB3BCEC8898EBA19DECB694ECB29CEB8F84EC849C_17.png,31000
[교원] 솔루토이 정치경제 31권,초등저학년,교원,자연 · 과학,https://gndrbook.com/web/product/big/202507/7d0ba8b50e4b6ea530a7f8f68cff0802.png,https://gndrbook.com/web/upload/NNEditor/20250728/EAB590EC9B90_EC8694EBA3A8ED86A0EC9DB4ECA095ECB998EAB2BDECA09C_31.png,19000
[아울북] 초등인문학 그리스로마신화 20권,초등저학년,아울북,자연 · 과학,https://gndrbook.com/web/product/big/202507/a233cb11db2d644df3825d9da1c50bc1.png,https://gndrbook.com/web/upload/NNEditor/20250725/EC9584EC9AB8EBB681_EBA78CED9994EBA19CEC9DBDEB8A94ECB488EB93B1EC9DB8EBACB8ED9599EAB7B8EBA6ACEC8AA4EBA19CEBA788EC8BA0ED9994_20.png,28000
[그레이트북스] 역지사지 세계문화 52권,초등저학년,그레이트북스,자연 · 과학,https://gndrbook.com/web/product/big/202507/2ed34bc116ec0b4eee5236296907f2cb.png,https://gndrbook.com/web/upload/NNEditor/20250724/EAB7B8EBA088EC9DB4ED8AB8EBB681EC8AA4_EC97ADECA780EC82ACECA780EC84B8EAB384EBACB8ED9994_52.png,17000
[그레이트북스] 으랏차차 이야기 세계사 45권,초등저학년,그레이트북스,자연 · 과학,https://gndrbook.com/web/product/big/202507/77ae10aa714be1420a93bc94a17b1d03.png,https://gndrbook.com/web/upload/NNEditor/20250822/EAB7B8EBA088EC9DB4ED8AB8EBB681EC8AA4_EC9CBCEB9E8FECB0A8ECB0A8EC9DB4EC95BCEAB8B0EC84B8EAB384EC82AC_45.png,19000
[아이세움] 엉덩이탐정 10권,초등저학년,아이세움,자연 · 과학,https://gndrbook.com/web/product/big/202507/a65348424e11c58989e674d6547907d1.png,https://gndrbook.com/web/upload/NNEditor/20250725/EC9584EC9DB4EC84B8EC9B80_EC9789EB8DA9EC9DB4ED8390ECA095_10.png,19000
[교원] 눈으로보는 정치경제 31권,초등저학년,교원,자연 · 과학,https://gndrbook.com/web/product/big/202601/4ee26f098c30fcc0c720425474e55ac8.png,https://gndrbook.com/web/upload/NNEditor/20250728/EAB590EC9B90_EB8888EC9CBCEBA19CEBB3B4EB8A94ECA095ECB998EAB2BDECA09C_31.png,19000
[교원] 솔루토이 예술 30권,초등저학년,교원,자연 · 과학,https://gndrbook.com/web/product/big/202507/eed7f74c2ef5b8def80b4d2cd77d2bcb.png,https://gndrbook.com/web/upload/NNEditor/20250728/EAB590EC9B90_EC8694EBA3A8ED86A0EC9DB4EC9888EC88A0_30.png,19000
[문학수첩] 해리포터 시리즈 23권,초등저학년,문학수첩,자연 · 과학,https://gndrbook.com/web/product/big/202507/864dfa899639e7e13659199491555193.png,https://gndrbook.com/web/upload/NNEditor/20250728/EBACB8ED9599EC8898ECB2A9_ED95B4EBA6ACEED8FACED84B0EC8B9CEBA6ACECA688_23.png,31000
[자음과모음] 역사공화국 한국사법정 60권,초등저학년,자음과모음,자연 · 과학,https://gndrbook.com/web/product/big/202507/21e9f4f28e87538e310338a8ffb58fe9.png,https://gndrbook.com/web/upload/NNEditor/20250725/EC9E90EC9D8CEAB3BCEBAAA8EC9D8C_EC97ADEC82ACEAB3B5ED9994EAB5ADED959CEAB5ADEC82ACEBB295ECA095_60.png,31000
[사회평론] 용선생 세계사 15권,초등저학년,사회평론,자연 · 과학,https://gndrbook.com/web/product/big/202507/28deaab41ff40ae9d94cfc1b27cbae63.png,https://gndrbook.com/web/upload/NNEditor/20250725/EC82ACED9A8CED8F89EBA1A0_EAB590EC9691EC9CBCEBA19CEC9DBDEB8A94EC9AA9EC84A0EC839DEC84B8EAB384EC82AC_15.png,19000
[예림당] Why 한국사 34권,초등저학년,예림당,자연 · 과학,https://gndrbook.com/web/product/big/202508/8b84c5c4013843d8194261e773c45841.png,https://gndrbook.com/web/upload/NNEditor/20250728/EC9888EBA6BCEB8BB9_whyED959CEAB5ADEC82AC_34.png,15000
[서울문화사] 쿠키런 과학상식 35권⏳최대 3~4주 지연되는 상품,초등저학년,서울문화사,자연 · 과학,https://gndrbook.com/web/product/big/202508/b24cf24dcd3cb02fa75cbb3d00b13814.png,https://gndrbook.com/web/upload/NNEditor/20250729/EC849CEC9AB8EBACB8ED9994EC82AC_ECBFA0ED82A4EB9FB0EAB3BCED9599EC8381EC8B9D_35.png,31000
[사회평론] 용선생이 간다 세계 문화 여행 15권,초등저학년,사회평론,자연 · 과학,https://gndrbook.com/web/product/big/202508/b1d7881d6991c9546079357eac7b0218.png,https://gndrbook.com/web/upload/NNEditor/20250729/EC82ACED9A8CED8F89EBA1A0_EC9AA9EC84A0EC839DEC9DB4EAB084EB8BA4EC84B8EAB384EBACB8ED9994EC97ACED9689_EC9E90EC82ACEBAAB0_15.png,22000
[보리] 병만이 동만이 만만이 15권,초등저학년,보리,자연 · 과학,https://gndrbook.com/web/product/big/202508/5da7c9778568eaf8869ed1a35dd33aa4.png,https://gndrbook.com/web/upload/NNEditor/20250729/EBB3B4EBA6AC_EBB391EB8F99EBA78C_15.png,21000
[책읽는곰] 우리 문화 그림책 온고지신 22권,초등저학년,책읽는곰,자연 · 과학,https://gndrbook.com/web/product/big/202508/954385eba3ee630a9382a7b87ab359b7.png,https://gndrbook.com/web/upload/NNEditor/20250729/ECB185EC9DBDEB8A94EAB3B0_EC9AB0EBA6ACEBACB8ED9994EAB7B8EBA6BCECB185EC98A8EAB3A0ECA780EC8BA0_22.png,26000
[교원] 솔루토이 수학 30권,초등저학년,교원,자연 · 과학,https://gndrbook.com/web/product/big/202507/396ee0a88cbe0e8d0d34cfdffaf2e912.png,https://gndrbook.com/web/upload/NNEditor/20250728/EAB590EC9B90_EC8694EBA3A8ED86A0EC9DB4EC8898ED9599_30.png,19000
[자음과모음] 과학자가 들려주는 과학이야기 100권,초등저학년,자음과모음,자연 · 과학,https://gndrbook.com/web/product/big/202507/1b6f14a14fcd8338a24e84974e62b4fd.png,https://gndrbook.com/web/upload/NNEditor/20250725/EC9E90EC9D8CEAB3BCEBAAA8EC9D8C_EAB3BCED9599EC9E90EAB080EB93A4EBA0A4ECA3BCEB8A94EAB3BCED9599EC9DB4EC95BCEAB8B0_100.png,23000
[자음과모음] 과학공화국 법정시리즈 50권,초등저학년,자음과모음,자연 · 과학,https://gndrbook.com/web/product/big/202507/16d0c3d5857e30b77d5367b64d432c92.png,https://gndrbook.com/web/upload/NNEditor/20250725/EC9E90EC9D8CEAB3BCEBAAA8EC9D8C_EAB3BCED9599EAB3B5ED9994EAB5ADEBB295ECA095EC8B9CEBA6ACECA688_50.png,19000
[휘슬러] 만만히 역사 24권,초등저학년,휘슬러,자연 · 과학,https://gndrbook.com/web/product/big/202507/03d3e916e39c6b43d27a3cd225dae4d2.png,https://gndrbook.com/web/upload/NNEditor/20250725/ED9C98EC8AACEB9FAC_EBA78CEBA78CED9E88ED959CEAB5ADEC82AC2BEC84B8EAB384EC82AC_24.png,28000
[아울북] GOGO 카카오프렌즈 23권,초등저학년,아울북,자연 · 과학,https://gndrbook.com/web/product/big/202507/35d18a11e24b484330aa3e99f25c17d5.png,https://gndrbook.com/web/upload/NNEditor/20250725/EC9584EC9AB8EBB681_gogoECB9B4ECB9B4EC98A4ED9484EBA08CECA688_24.png,28000
[헤르만헤세] 나폴레옹 이야기 세계사 68권,초등저학년,헤르만헤세,자연 · 과학,https://gndrbook.com/web/product/big/202507/f45cfbf3179a25aa6e7875848b169534.png,https://gndrbook.com/web/upload/NNEditor/20250725/ED97A4EBA5B4EBA78CED97A4EC84B8_EB8298ED8FB4EBA088EC9DB4EC95BCEAB8B0EC84B8EAB384EC82AC_68.png,19000
[성우주니어] 국어뒤집기 기본편 40권,초등저학년,성우주니어,자연 · 과학,https://gndrbook.com/web/product/big/202507/546abba2cd1b3416cbbb15c4509b46c8.png,https://gndrbook.com/web/upload/NNEditor/20250725/EC84B1EC9AB0ECA3BCEB8B88EC96B4_EAB5ADEC96B4EB92A4ECA791EAB8B0EAB8B0EBB3B8ED8EB8_40.png,21000
[아이세움] 내일은 실험왕 40권,초등저학년,아이세움,자연 · 과학,https://gndrbook.com/web/product/big/202508/51ddf7f2659d54601b7f6476d73bb487.png,https://gndrbook.com/web/upload/NNEditor/20250729/EC9584EC9DB4EC84B8EC9B80_EB82B4EC9DBCEC9D80EC8BA4ED9798EC9995_40.png,15000
[교원] 솔루토이 한자 30권,초등저학년,교원,자연 · 과학,https://gndrbook.com/web/product/big/202507/02bd332733569d08fe8d1e21234f65e3.png,https://gndrbook.com/web/upload/NNEditor/20250728/EAB590EC9B90_EC8694EBA3A8ED86A0EC9DB4ED959CEC9E90_30.png,22000
[교원] 솔루토이 과학 34권,초등저학년,교원,자연 · 과학,https://gndrbook.com/web/product/big/202507/57b0ae303dc21b7cd4c347ce17afbc4e.png,https://gndrbook.com/web/upload/NNEditor/20250728/EAB590EC9B90_EC8694EBA3A8ED86A0EC9DB4EAB3BCED9599_34.png,22000
[길벗스쿨] 이상한 과자가게 전천당 13권,초등저학년,길벗스쿨,자연 · 과학,https://gndrbook.com/web/product/big/202507/b5d0e91b94625b077b0e2515cc814dbd.png,https://gndrbook.com/web/upload/NNEditor/20250725/EAB8B8EBB297EC8AA4ECBFA8_EC9DB4EC8381ED959CEAB3BCEC9E90EAB080EAB28CECA084ECB29CEB8BB9_13.png,19000
[성우주니어] 수학뒤집기 기본편 40권,초등저학년,성우주니어,자연 · 과학,https://gndrbook.com/web/product/big/202507/f37657fdcf4fba2a774dd438a85c8ad0.png,https://gndrbook.com/web/upload/NNEditor/20250725/EC84B1EC9AB0ECA3BCEB8B88EC96B4_EC8898ED9599EB92A4ECA791EAB8B0EAB8B0EBB3B8ED8EB8_40.png,19000
[주니어김영사] 서울대 선정만화 인문고전 50선 50권,초등저학년,주니어김영사,자연 · 과학,https://gndrbook.com/web/product/big/202508/c0ace73860a7648bced6f5d738ee14c1.png,https://gndrbook.com/web/upload/NNEditor/20250729/ECA3BCEB8B88EC96B4EAB980EC9881EC82AC_EC849CEC9AB8EB8C80EC84A0ECA095EBA78CED9994EC9DB8EBACB8EAB3A0ECA08450EC84A0_50.png,19000
[주니어김영사] 말이야와 친구들 6권,초등저학년,주니어김영사,자연 · 과학,https://gndrbook.com/web/product/big/202508/58b52cc5ea19087611b52a710d0bb0f4.png,https://gndrbook.com/web/upload/NNEditor/20250725/ECA3BCEB8B88EC96B4EAB980EC9881EC82AC_EBA790EC9DB4EC95BCEC9980ECB99CEAB5ACEB93A4_6.png,17000
[아이세움] 내일은 발명왕 22권,초등저학년,아이세움,자연 · 과학,https://gndrbook.com/web/product/big/202508/d338f515140a8ee5a56d95bb1875b276.png,https://gndrbook.com/web/upload/NNEditor/20250729/EC9584EC9DB4EC84B8EC9B80_EB82B4EC9DBCEC9E80EBB09CEBAA85EC9995_22.png,21000
[교원] 눈으로보는 그리스로마신화 35권,초등저학년,교원,자연 · 과학,https://gndrbook.com/web/product/big/202508/ccc71e2f9528e6acab64f97798b0ee1e.png,https://gndrbook.com/web/upload/NNEditor/20250728/EAB590EC9B90_EB8888EC9CBCEBA19CEBB3B4EB8A94EAB7B8EBA6ACEC8AA4EBA19CEBA788EC8BA0ED9994_35.png,19000
[교원] 솔루토이 인물 30권,초등저학년,교원,자연 · 과학,https://gndrbook.com/web/product/big/202507/67c2a497311bd62560bf2057fa4e0184.png,https://gndrbook.com/web/upload/NNEditor/20250728/EAB590EC9B90_EC8694EBA3A8ED86A0EC9DB4EC9DB8EBACBC_30.png,19000
[자음과모음] 수학자가 들려주는 수학이야기 88권,초등저학년,자음과모음,자연 · 과학,https://gndrbook.com/web/product/big/202507/0b024a772c14e3c9350f65edb3b233db.png,https://gndrbook.com/web/upload/NNEditor/20250725/EC9E90EC9D8CEAB3BCEBAAA8EC9D8C_EC8898ED9599EC9E90EAB080EB93A4EBA0A4ECA3BCEB8A94EC8898ED9599EC9DB4EC95BCEAB8B0_88.png,31000
[서울문화사] 수학도둑 43권,초등저학년,서울문화사,자연 · 과학,https://gndrbook.com/web/product/big/202507/c68ecce98f7a408071637b41aec8cadc.png,https://gndrbook.com/web/upload/NNEditor/20250725/EC849CEC9AB8EBACB8ED9994EC82AC_EC8898ED9599EB8F84EB9191_43.png,17000
[휘슬러] 히스토리 톡톡 40권,초등저학년,휘슬러,자연 · 과학,https://gndrbook.com/web/product/big/202208/1889c1983d8b135b71c805a7eae9d0a9.png,https://gndrbook.com/web/upload/NNEditor/20250729/ED9C98EC8AACEB9FAC_ED9E88EC8AA4ED86A0EBA6ACED86A1ED86A1_40.png,28000
[성우주니어] 과학뒤집기 심화편 50권,초등저학년,성우주니어,자연 · 과학,https://gndrbook.com/web/product/big/202507/a4b7b6e17a760c6a9ab510b30ca75451.png,https://gndrbook.com/web/upload/NNEditor/20250725/EC84B1EC9AB0ECA3BCEB8B88EC96B4_EAB3BCED9599EB92A4ECA791EAB8B0EC8BACED9994ED8EB8_40.png,19000
[서울문화사] 수학도둑 23권 [44번 ~ 66번],초등저학년,서울문화사,자연 · 과학,https://gndrbook.com/web/product/big/202508/3f0a1eac92363286f7dc85e6253a324e.png,https://gndrbook.com/web/upload/NNEditor/20250725/EC849CEC9AB8EBACB8ED9994EC82AC_EC8898ED9599EB8F84EB9191_23.png,19000
[브릿지북스] 수학 바이러스 12권,초등저학년,브릿지북스,자연 · 과학,https://gndrbook.com/web/product/big/202508/d96cade9c4245a50d617ebaae8c07967.png,https://gndrbook.com/web/upload/NNEditor/20250725/EBB88CEBA6BFECA780EBB681EC8AA4_EC8898ED9599EBB094EC9DB4EB9FACEC8AA4_12.png,19000
[밝은미래] 그레이트 피플 50권,초등저학년,밝은미래,자연 · 과학,https://gndrbook.com/web/product/big/202601/4b1e463f66404a38557c8a2cb26322cc.png,https://gndrbook.com/web/upload/NNEditor/20250729/EBB09DEC9D80EBAFB8EB9E98_EAB7B8EBA088EC9DB4ED8AB8ED94ED948C_50.png,31000
[셰익스피어] How so 필독도서 세계 큰인물 100권,초등저학년,셰익스피어,자연 · 과학,https://gndrbook.com/web/product/big/202508/2518194f205bc2a3cc4fffddb801cd81.png,https://gndrbook.com/web/upload/NNEditor/20250729/EC85B0EC9DB5EC8AA4ED94BCEC96B4_howsoED9584EB8F85EB8F84EC849CEC84B8EAB384EB81B0EC9DB8EBACBC_100.png,19000
[예림당] Why 피플 인물탐구 49권,초등저학년,예림당,자연 · 과학,https://gndrbook.com/web/product/big/202508/40cd2a4505d0e067b4f85a0fab0829e9.png,https://gndrbook.com/web/upload/NNEditor/20250728/EC9888EBA6BCEB8BB9_whyED94BCED948CEC9DB8EBACBCED8390EAB5AC_49.png,17000
[교원] 호야토야 세계옛이야기 50권,초등저학년,교원,자연 · 과학,https://gndrbook.com/web/product/big/202508/f2f2efe996823dac2ea5771d0aee62f3.png,https://gndrbook.com/web/upload/NNEditor/20250728/EAB590EC9B90_ED98B8EC95BCED86A0EC95BCEC84B8EAB384EC989BEC9DB4EC95BCEAB8B0_50.png,19000
[교원] 호시탐탐 세계사 27권,초등저학년,교원,자연 · 과학,https://gndrbook.com/web/product/big/202508/835fd7ab243e0b7dd96f8569e96dd3bf.png,https://gndrbook.com/web/upload/NNEditor/20250728/EAB590EC9B90_ED98B8EC8B9CED8390ED8390EC84B8EAB384EC82AC_27.png,19000
[교원] 솔루토이 세계사 34권,초등저학년,교원,자연 · 과학,https://gndrbook.com/web/product/big/202507/4299b64c40d6835c01459ab0b1853320.png,https://gndrbook.com/web/upload/NNEditor/20250728/EAB590EC9B90_EC8694EBA3A8ED86A0EC9DB4EC8BB8EAB384EC82AC_34.png,19000
[웅진] 푸른담쟁이 세계문학 40권,초등저학년,웅진,자연 · 과학,https://gndrbook.com/web/product/big/202507/beda189ac3446e4e9593419355cf15b1.png,https://gndrbook.com/web/upload/NNEditor/20250728/EC9B85ECA784_ED91B8EBA5B8EB8BB4EC9F81EC9DB4EC8BB8EAB384EBACB8ED9599_40.png,19000
[주니어김영사] 만화 세계대역사 50사건 50권,초등저학년,주니어김영사,자연 · 과학,https://gndrbook.com/web/product/big/202507/126e76f329202419c02c7fdbdcb80d28.png,https://gndrbook.com/web/upload/NNEditor/20250725/ECA3BCEB8B88EC96B4EAB980EC9881EC82AC_EC84B8EAB384EC849DED9599EB93A4EC9DB4EBBD91EC9D80EBA78CED9994EC84B8EAB384EB958CEC97ADEC82AC_50.png,22000
[다산북스] Who 인물사이언스 40권,초등저학년,다산북스,자연 · 과학,https://gndrbook.com/web/product/big/202507/de822d1b6b707e8045c7075390edb5eb.png,https://gndrbook.com/web/upload/NNEditor/20250725/copy-1753427384-EB8BA4EC82B0EBB681EC8AA4_whoEC9DB8EBACBCEC82ACEC9DB4EC96B8EC8AA4_40.png,19000
[예림당] Why 세계사 25권,초등저학년,예림당,자연 · 과학,https://gndrbook.com/web/product/big/202508/8a3cd670d6024ba20caac50ec3693a5a.png,https://gndrbook.com/web/upload/NNEditor/20250728/EC9888EBA6BCEB8BB9_whyEC84B8EAB384EC82AC_25.png,26000
[성우주니어] 수학뒤집기 심화편 40권,초등저학년,성우주니어,자연 · 과학,https://gndrbook.com/web/product/big/202507/dff2a1ba9cfbb202630a55f9d516c6bc.png,https://gndrbook.com/web/upload/NNEditor/20250725/EC84B1EC9AB0ECA3BCEB8B88EC96B4_EC8898ED9599EB92A4ECA791EAB8B0EC8BACED9994ED8EB8_40.png,19000
[브레인고] 일거양득 우리고전 속 천자문 60권,초등저학년,브레인고,자연 · 과학,https://gndrbook.com/web/product/big/202211/b14ddea3662873dccd9e90fcebb38d76.jpg,https://gndrbook.com/web/upload/NNEditor/20250729/EBB88CEBA088EC9DB8EAB3B0_EC9DBCEAB1B0EC9691EB939DEC9AB0EBA6ACEAB3A0ECA084EC868DECB29CEC9E90EBACB8_60.png,15000
[통큰세상] 영웅호걸 삼국지 30권,초등저학년,통큰세상,자연 · 과학,https://gndrbook.com/web/product/big/202508/d535f81b09e99ef48c3d7010cfd84c10.png,https://gndrbook.com/web/upload/NNEditor/20250729/ED86B8ED81B0EC84B8EC8381_EC9881EC9B85ED98B8EAB1B8EC8B9CEAB5ADECA780_30.png,19000
[웅진] 재미만만 우리고전 20권,초등저학년,웅진,자연 · 과학,https://gndrbook.com/web/product/big/202508/834a5a3356fcabdbe4ab6533984d90ae.png,https://gndrbook.com/web/upload/NNEditor/20250728/EC9B85ECA784_EC9EACEBAFB8EBA78CEBA78CEC9AB0EBA6ACEAB3A0ECA084_20.png,31000
[예림당] Why 수학 16권,초등저학년,예림당,자연 · 과학,https://gndrbook.com/web/product/big/202508/67d9963614c228d194987888fa2af51c.png,https://gndrbook.com/web/upload/NNEditor/20250728/EC9888EBA6BCEB8BB9_whyEC8898ED9599_16.png,19000
[교원] 호시탐탐 세계문화 25권,초등저학년,교원,자연 · 과학,https://gndrbook.com/web/product/big/202508/b5bac6958eb85a7614aeae7f7c2e7f4d.png,https://gndrbook.com/web/upload/NNEditor/20250728/EAB590EC9B90_ED98B8EC8B9CED8390ED8390EC84B8EAB384EBACB8ED9994_25.png,19000
[웅진] 푸른담쟁이 우리문학 40권,초등저학년,웅진,자연 · 과학,https://gndrbook.com/web/product/big/202507/72cd83acf05b20b707dc5d1ee11f154b.png,https://gndrbook.com/web/upload/NNEditor/20250728/EC9B85ECA784_ED91B8EBA5B8EB8BB4EC9F81EC9DB4EC9AB0EBA6ACEBACB8ED9599_40.png,19000
[웅진] 신들과의 첫인사 그리스로마신화 33권,초등저학년,웅진,자연 · 과학,https://gndrbook.com/web/product/big/202507/4fe194241ad5ae9c0a8a057beefc5a3a.png,https://gndrbook.com/web/upload/NNEditor/20250728/EC9B85ECA784_EC8BA0EB93A4EAB3BCEC9D98ECB2ABEC9DB8EC82ACEAB7B8EBA6ACEC8AA4EBA19CEBA788EC8BA0ED9994_33.png,19000
[다산북스] Who 세계인물 40권,초등저학년,다산북스,자연 · 과학,https://gndrbook.com/web/product/big/202507/a8812462402e878bd3e4b6dc8afd8ab7.png,https://gndrbook.com/web/upload/NNEditor/20250725/EB8BA4EC82B0EBB681EC8AA4_whoEC84B8EAB384EC9DB8EBACBC_40.png,19000
[사회평론] 용선생 시끌벅적 과학교실 25권,초등저학년,사회평론,자연 · 과학,https://gndrbook.com/web/product/big/202208/e17e01160eea9ba2b32c2014bcf738e4.png,https://gndrbook.com/web/upload/NNEditor/20240710/EC8381_EC82ACED9A8CED8F89EBA1A0_EC9AA9EC84A0EC839DEC9D98EC8B9CEB818CEBB285ECA081EAB3BCED9599EAB590EC8BA425.png,31000
[단꿈아이] 설민석의 삼국지 대모험 22권,초등저학년,단꿈아이,자연 · 과학,https://gndrbook.com/web/product/big/202508/408e25d4252c2d21fb739be056d9a2e1.png,https://gndrbook.com/web/upload/NNEditor/20250725/EB8BA8EABF88EC9584EC9DB4_EC84A4EBAFBCEC849DEC9AB0EC9D98EC82BCEAB5ADECA780EB8C80EBAAA8ED9798_22.png,33000
[기타] 초3 추천도서 21권,초등저학년,기타,자연 · 과학,https://gndrbook.com/web/product/big/202508/a33f60c27c91e336ec13268806aaae37.png,https://gndrbook.com/web/upload/NNEditor/20250729/EAB8B0ED8380_ECB488EB93B13ED9599EB8584EAB590EAB3BCEC8898EBA19DECB694ECB29CEB8F84EC849C_21.png,22000
[시공주니어] 나무집 시리즈 11권,초등저학년,시공주니어,자연 · 과학,https://gndrbook.com/web/product/big/202508/9c5e9ab3604758a7d91e4ee5a9385296.png,https://gndrbook.com/web/upload/NNEditor/20250729/EC8B9CEAB3B5ECA3BCEB8B88EC96B4_EB8298EBACB4ECA791EC8B9CEBA6ACECA688_11.png,19000
[아이세움] 설민석의 세계사 대모험 1-11번,초등저학년,아이세움,자연 · 과학,https://gndrbook.com/web/product/big/202508/da32f8903d982cc35ef5c18a94930df9.png,https://gndrbook.com/web/upload/NNEditor/20250729/EC9584EC9DB4EC9B80_EC84A4EBAFBCEC849DEC9A98EC84B8EAB384EC82ACCEBAAA8ED9798_11.png,19000
[헤르만헤세] 서울대선정 한국문학전집 100권,초등저학년,헤르만헤세,자연 · 과학,https://gndrbook.com/web/product/big/202509/fa7b07fe3c51489629e861540b1f0b26.png,https://gndrbook.com/web/upload/NNEditor/20250729/ED97A4EBA5B4EBA78CED97A4EC84B8_EC849CEC9AB8EB8C80EC84A0ECA095ED959CEAB5ADEBACB8ED9599ECA084ECA791_100.png,19000
[셰익스피어] How so 필독도서 세계명작문학 100권,초등저학년,셰익스피어,자연 · 과학,https://gndrbook.com/web/product/big/202601/f467475c926d4234b125ea4cdca8d274.png,https://gndrbook.com/web/upload/NNEditor/20250729/EC85B0EC9DB5EC8AA4ED94BCEC96B4_howsoED9584EB8F85EB8F84EC849CEC84B8EAB384EBAA85EC9E91EBACB8ED9599_100.png,21000
[아이세움] 만화 역사상식 보물찾기 35권,초등저학년,아이세움,자연 · 과학,https://gndrbook.com/web/product/big/202508/2879e45103fced6976578f06cfd65a85.png,https://gndrbook.com/web/upload/NNEditor/20250729/EC9584EC9DB4EC84B8EC9B80_EBA78CED9994EC97ADEC82ACEC8381EC8B9DEBB3B4EBACBCECB0BEEAB8B0EC8B9CEBA6ACECA688_35.png,31000
[예림당] Why 인문사회 23권,초등저학년,예림당,자연 · 과학,https://gndrbook.com/web/product/big/202508/81a81e0adfe09271e58019af92b8434a.png,https://gndrbook.com/web/upload/NNEditor/20250728/EC9888EBA6BCEB8BB9_whyEC9DB8EBACB8EC8AA4ED9A8C_25.png,26000
[교원] 호시탐탐 과학 27권,초등저학년,교원,자연 · 과학,https://gndrbook.com/web/product/big/202508/1e754b011a602d796773c51a93eae0db.png,https://gndrbook.com/web/upload/NNEditor/20250728/EAB590EC9B90_ED98B8EC8B9CED8390ED8390EAB3BCED9599_27.png,19000
[교원] 호시탐탐 한국인물 30권,초등저학년,교원,자연 · 과학,https://gndrbook.com/web/product/big/202508/86adc311fb5f5d5d5917696e4ddbba20.png,https://gndrbook.com/web/upload/NNEditor/20250728/EAB590EC9B90_ED98B8EC8B9CED8390ED8390ED959CEAB5ADEC9DB8EBACBC_30.png,19000
[교원] 호시탐탐 문화유산 27권,초등저학년,교원,자연 · 과학,https://gndrbook.com/web/product/big/202508/56961e2e3377bf9b05643432ab964da8.png,https://gndrbook.com/web/upload/NNEditor/20250728/EAB590EC9B90_ED98B8EC8B9CED8390ED8390EBACB8ED9994EC9CA0EC82B0_27.png,19000
[아울북] 비밀요원 레너드 10권,초등저학년,아울북,자연 · 과학,https://gndrbook.com/web/product/big/202508/9ad19bdcb49222795f68ae2f6d8d0367.png,https://gndrbook.com/web/upload/NNEditor/20250725/EC9584EC9AB8EBB681_EBB984EBB080EC9A94EC9B90EBA088EB8488EB939C_10.png,12000
[퍼킨스] 세계문학 갤러리 65권,초등저학년,퍼킨스,자연 · 과학,https://gndrbook.com/web/product/big/202508/fdc915a0321faccab2818684c95db354.png,https://gndrbook.com/web/upload/NNEditor/20250729/ED8DBCED82A8EC8AA4_EC84B8EAB384EBACB8ED9599EAB0A4EB9FACEBA6ACECA688_65.png,19000
[교원] 솔루토이 한국사 33권,초등저학년,교원,자연 · 과학,https://gndrbook.com/web/product/big/202508/06bd5400e5c648ad167ccba7cba0c1e4.png,https://gndrbook.com/web/upload/NNEditor/20250729/EAB590EC9B90_EC8694EBA3A8ED86A0EC9DB4ED959CEAB5ADEC82AC_EC9E90EC82ACEBAAB0_33.png,22000
[사파리] 제로니모의 환상모험 20권,초등저학년,사파리,자연 · 과학,https://gndrbook.com/web/product/big/202508/bb13d566a8ded2b75b261a60a5eaec1c.png,https://gndrbook.com/web/upload/NNEditor/20250729/EC82ACED8C8CEBA6AC_ECA09CEBA19CEB8B88EBAAA8EC9D98ED9998EC8381EBAAA8ED9798_20.png,24000
[김영사] 새로만든 먼나라 이웃나라 15권,초등저학년,김영사,자연 · 과학,https://gndrbook.com/web/product/big/202508/9e8f25aed93000298b7bac633a88508b.png,https://gndrbook.com/web/upload/NNEditor/20250729/EAB980EC9881EC82AC_EC8388EBA19CEBA78CEB93A0EBA8BCEB8298EB9DBCEC9DB4EC9B83EB8298EB9DBC_15.png,20000
[서울문화사] 쿠키런 어드벤처 42권,초등저학년,서울문화사,자연 · 과학,https://gndrbook.com/web/product/big/202508/94ffed9c2807718ecac62d05a3d20c5a.png,https://gndrbook.com/web/upload/NNEditor/20250725/EC849CEC9AB8EBACB8ED9994EC82AC_ECBFA0ED82A4EB9FB0EC96B4EB939CEBB2A4ECB298_42.png,22000 
[주니어김영사] 앗 시리즈 150권,초등저학년,주니어김영사,자연 · 과학,https://gndrbook.com/web/product/big/202508/1070d892e9091e7aa052df9e03ff4bf6.png,https://gndrbook.com/web/upload/NNEditor/20250729/ECA3BCEB8B88EC96B4EAB980EC9881EC82AC_EC9597EC8B9CEBA6ACECA688_150.png,22000
[통큰세상] 필독도서 한국창작문학. 한국대표문학 80권,초등저학년,통큰세상,자연 · 과학,https://gndrbook.com/web/product/big/202508/fe01f228a0e06a33ec158ef981de26aa.png,https://gndrbook.com/web/upload/NNEditor/20250729/ED86B5ED81B0EC84B8EC8381_ED9584EB8F85EB8F84EC849CED959CEAB5ADECB0BDEC9E91EBACB8ED9599ED959CEAB5ADEB8C80ED919CEBACB8ED9599_80.png,17000
[아이세움] 브리태니커 만화 백과 50권,초등저학년,아이세움,자연 · 과학,https://gndrbook.com/web/product/big/202508/f9240b24d935429b7459e6053cbac6fd.png,https://gndrbook.com/web/upload/NNEditor/20250728/EC9584EC9DB4EC84B8EC9B80_EBB88CEBA6ACED839CEB8B88ECBBA4EBA78CED9994EBB0B1EAB3BC_50.png,19000
[교원] 스마트통 과학 24권,초등저학년,교원,자연 · 과학,https://gndrbook.com/web/product/big/202507/d299ed9353eff0f9163776507a29f9a7.png,https://gndrbook.com/web/upload/NNEditor/20250728/EAB590EC9B90_EC8AA4EBA788ED8AB8ED86B5EAB3BCED9599_24.png,19000
[교원] 눈으로보는 중국고전 40권,초등저학년,교원,자연 · 과학,https://gndrbook.com/web/product/big/202508/181816f8171a0601b298c8ef8530aa32.png,https://gndrbook.com/web/upload/NNEditor/20250728/EAB590EC9B90_EB8888EC9CBCEBA19CEBB3B4EB8A94ECA491EAB5ADEAB3A0ECA084_40.png,17000
[아이세움] 설민석의 세계사 대모험 12-23번,초등저학년,아이세움,자연 · 과학,https://gndrbook.com/web/product/big/202509/48f120ebd427e5f169f5f963832f36b3.png,https://gndrbook.com/web/upload/NNEditor/20250922/EC9584EC9DB4EC84B8EC9B80_EC84A4EBAFBCEC849DEC9D98EC84B8EAB384EC82ACEBAAA8ED9798_12.png,29000
[아이세움] 웃소 5권,초등저학년,아이세움,자연 · 과학,https://gndrbook.com/web/product/big/202508/deb912563dadeceea8a442eaf8ae704f.png,https://gndrbook.com/web/upload/NNEditor/20250729/EC9584EC9DB4EC9B80_EC9B83EC868C_5.png,11000
[길벗스쿨] 손에 잡히는 사회교과서 20권,초등저학년,길벗스쿨,자연 · 과학,https://gndrbook.com/web/product/big/202508/8526f20d39487ee42e200286f62812b9.png,https://gndrbook.com/web/upload/NNEditor/20250729/EAB8B8EBB297EC8AA4ECBFA8_EC8690EC9790EC9EA1ED9E88EB8A94EC82ACED9A8CEAB590EAB3BCEC849C_20.png,19000
[길벗스쿨] 손에 잡히는 과학교과서 20권,초등저학년,길벗스쿨,자연 · 과학,https://gndrbook.com/web/product/big/202508/c2dd77515da9fb7a2b75957381698e4a.png,https://gndrbook.com/web/upload/NNEditor/20250729/EAB8B8EBB297EC8AA4ECBFA8_EC8690EC9790EC9EA1ED9E88EB8A94EAB3BCED9599EAB590EAB3BCEC849C_20.png,19000
[뭉치] 뭉치 수학왕 40권,초등저학년,뭉치,자연 · 과학,https://gndrbook.com/web/product/big/202508/eb364a54a857316eec03fd64f424f51f.png,https://gndrbook.com/web/upload/NNEditor/20250729/EBAD89ECB998_EBAD89ECB998EC8898ED9599EC9995_40.png,31000
[휘슬러] 사이언싱 톡톡 40권,초등저학년,휘슬러,자연 · 과학,https://gndrbook.com/web/product/big/202508/859abc38bfd26db764d070ce184a64c8.png,https://gndrbook.com/web/upload/NNEditor/20250729/ED9C98EC8AACEB9FAC_EC82ACEC9DB4EC96B8EC8BB1ED86A1ED86A1_40.png,21000
[셰익스피어] 통합교과 세계지리탐구 46권,초등저학년,셰익스피어,자연 · 과학,https://gndrbook.com/web/product/big/202508/f56ae3fdb00943ac271fc6849ba0751d.png,https://gndrbook.com/web/upload/NNEditor/20250729/EC85B0EC9DB5EC8AA4ED94BCEC96B4_ED86B5ED95A9EAB590EAB3BCEC84B8EAB384ECA780EBA6ACED8390EAB5AC_46.png,22000
[위즈덤하우스] 토깽이네 지구 구출 대작전 5권,초등저학년,위즈덤하우스,자연 · 과학,https://gndrbook.com/web/product/big/202508/e96f13019fefd36b77fa9ea93ae683ab.png,https://gndrbook.com/web/upload/NNEditor/20250725/EC9C84ECA688EB8DA4ED9598EC9AB0EC8AA4_ED86A0EAB9BDEC9DB4EB84A4ECA780EAB5ACEAB5ACECB69CEB8C80ECA791ECA084_5.png,15000
[헤르만헤세] How so 하버드대 선정 인문고전 60권,초등저학년,헤르만헤세,자연 · 과학,https://gndrbook.com/web/product/big/202508/2260ecfc7e76c4bb31e645b4ae36a824.png,https://gndrbook.com/web/upload/NNEditor/20250729/ED97A4EBA5B4EBA78CED97A4EC84B8_howsoED9598EBB284EB939CEB8C80EC84A0ECA095EC9DB8EBACB8EAB3A0ECA084_60.png,25000
[교원] 호시탐탐 세계인물 30권,초등저학년,교원,자연 · 과학,https://gndrbook.com/web/product/big/202508/220f2864ab031e0b5e8ec6ace526791d.png,https://gndrbook.com/web/upload/NNEditor/20250728/EAB590EC9B90_ED98B8EC8B9CED8390ED8390EC84B8EAB384EC9DB8EBACBC_30.png,19000
[예림당] Why 인문고전 29권,초등저학년,예림당,자연 · 과학,https://gndrbook.com/web/product/big/202508/d040d9264b303c004aeb1a7e676a6283.png,https://gndrbook.com/web/upload/NNEditor/20260619/copy-1781837582-3~4ECA3BCECA780EC97B0.png,17000 
[사회평론] 용선생 만화 한국사 12권,초등고학년,사회평론,전래 · 명작,https://gndrbook.com/web/product/big/202507/44b0bbab18985578b40441466307a479.png,https://gndrbook.com/web/upload/NNEditor/20250725/EC82ACED9A8CED8F89EBA1A0_EC9AA9EC84A0EC839DEBA78CED9994ED959CEAB5ADEC82AC_EC9E90EC82ACEBAAB0_12.png,15000
[연령별] 12세용 단행본 베스트셀러 20권,초등고학년,연령별,전래 · 명작,https://gndrbook.com/web/product/big/202508/da4e5484ccd87ced39d8d5a8b92dad0d.png,https://gndrbook.com/web/upload/NNEditor/20250725/12EC84B8EC9AA9_EC97B0EBA0B9EBB384ECB694ECB29CEB8F84EC849C.png,22000
[사회평론] 용선생 시끌벅적 한국사 10권,초등고학년,사회평론,전래 · 명작,https://gndrbook.com/web/product/big/202507/9b7a8be68487095dd9a580ad98714e6f.png,https://gndrbook.com/web/upload/NNEditor/20250725/EC82ACED9A8CED8F89EBA1A0_EC9AA9EC839DEC9D98EC8B9CEB818CEBB285ECA081ED959CEAB5ADEC82AC_EC9E90EC82ACEBAAB0_10.png,15000
[비룡소] 일공일삼 시리즈 80권,초등고학년,비룡소,전래 · 명작,https://gndrbook.com/web/product/big/202508/06a6695f443c23ef1a5289cba421194e.png,https://gndrbook.com/web/upload/NNEditor/20250729/EBB984EBA3A1EC868C_EC9DBCEAB3B5EC9DBCEC82BCEC8B9CEBA6ACECA688_80.png,35000
[시공주니어] 네버랜드 클래식 48권,초등고학년,시공주니어,전래 · 명작,https://gndrbook.com/web/product/big/202507/7a7c6d9c3092097918391c26e1cace84.png,https://gndrbook.com/web/upload/NNEditor/20250725/EC8B9CEAB3B5ECA3BCEB8B88EC96B4_EB84A4EBB284EB9E9CEB939CED81B4EB9E98EC8B9D_48.png,25000
[가나] 어린이 과학형사대 CSI 30권,초등고학년,가나,전래 · 명작,https://gndrbook.com/web/product/big/202507/20564ca822e2f5a1a03eb01584b09f9d.png,https://gndrbook.com/web/upload/NNEditor/20250725/EAB080EB8298_EC96B4EBA6B0EC9DB4EAB3BCED9599ED9895EC82ACEB8C80csi_30.png,25000
[비룡소] 난 책읽기가 좋아 3단계 66권,초등고학년,비룡소,전래 · 명작,https://gndrbook.com/web/product/big/202508/ef95575510e08d1fc490a0d55d5bcf26.png,https://gndrbook.com/web/upload/NNEditor/20260401/EBB984EBA3A1EC868C_EB829CECB185EC9DBDEAB8B0EAB080ECA28BEC95843EB8BA8EAB384_66.png,16000
[연령별] 11세용 단행본 베스트셀러 20권,초등고학년,연령별,전래 · 명작,https://gndrbook.com/web/product/big/202508/b5a6d4c488a8241a00adca0e3e5734e8.png,https://gndrbook.com/web/upload/NNEditor/20250725/11EC84B8EC9AA9_EC97B0EBA0B9EBB384ECB694ECB29CEB8F84EC849C.png,22000
[가나] 초등 통째로 이해되는 세계사 10권,초등고학년,가나,전래 · 명작,https://gndrbook.com/web/product/big/202508/d6f1542591aaf1b7fd011e0262b399e7.png,https://gndrbook.com/web/upload/NNEditor/20250725/EAB080EB8298_ECB488EB93B1ED86B5ECA7B8EBA19CEC9DB4ED95B4EB9098EB8A94EC84B8EAB384EC82AC_10.png,19000
[헤르만헤세] 서울대선정 세계문학전집 100권,초등고학년,헤르만헤세,전래 · 명작,https://gndrbook.com/web/product/big/202508/ee74be1286913ea8c66476842e1546d3.png,https://gndrbook.com/web/upload/NNEditor/20250729/ED97A4EBA5B4EBA78CED97A4EC84B8_EC849CEC9AB8EB8C80EC84A0ECA095EC84B8EAB384EBACB8ED9599ECA084ECA791_100.png,19000
[연령별] 13세용 단행본 베스트셀러 20권,초등고학년,연령별,전래 · 명작,https://gndrbook.com/web/product/big/202508/95ee763cc24428cc56014c3df8ffa1d5.png,https://gndrbook.com/web/upload/NNEditor/20250725/13EC84B8EC9AA9_EC97B0EBA0B9EBB384ECB694ECB29CEB8F84EC849C.png,22000
[연령별] 8세용 단행본 베스트셀러 20권,초등고학년,연령별,전래 · 명작,https://gndrbook.com/web/product/big/202508/df8d8e34ba0538fce7783988d1069c4c.png,https://gndrbook.com/web/upload/NNEditor/20250725/8EC84B8EC9AA9_EC97B0EBA0B9EBB384ECB694ECB29CEB8F84EC849C.png,22000
[은하수] 초등학생을 위한 세계명작 45권 ⏳최대 3~4주 지연되는 상품,초등고학년,은하수,전래 · 명작,https://gndrbook.com/web/product/big/202508/82fc9db798fb98fad3e3fc0a8dd0c00e.png,https://gndrbook.com/web/upload/NNEditor/20250725/EC9D80ED9598EC8898EBAFB8EB9494EC96B4_ECB488EB93B1ED9599EC839DEC9D84EC9C84ED959CEC84B8EAB384EBAA85EC9E91_45.png,19000
[북리치] 파뿌리24 11권,초등고학년,북리치,전래 · 명작,https://gndrbook.com/web/product/big/202508/dbb575b8222785dc6e17b31ece9fea2a.png,https://gndrbook.com/web/upload/NNEditor/20250729/EBB681EBA6ACECB998_ED8C8CEBBF8CEBA6AC24_EC9E90EC82ACEBAAB0_11.png,20000
[엠비씨씨앤아이] 큰 별쌤 최태성의 초등 별별 한국사 7권,초등고학년,엠비씨씨앤아이,전래 · 명작,https://gndrbook.com/web/product/big/202508/2a4ca4e433c8012fd79bf9a1fdeb67da.png,https://gndrbook.com/web/upload/NNEditor/20250725/EC97A0EBB984EC94A8EC94A4EC95A4EC9584EC9DB4_ED81B0EBB384EC8CA4ECB59CED839CEC84B1EC9D98ECB488EB93B1EBB384EBB384ED959CEAB5ADEC82AC_7.png,17000
[연령별] 9세용 단행본 베스트셀러 20권,초등고학년,연령별,전래 · 명작,https://gndrbook.com/web/product/big/202508/e6baae2f42daf77a9f6b11d0ef22a0a5.png,https://gndrbook.com/web/upload/NNEditor/20250725/9EC84B8EC9AA9_EC97B0EBA0B9EBB384ECB694ECB29CEB8F84EC849C.png,22000
[연령별] 7세용 단행본 베스트셀러 20권,초등고학년,연령별,전래 · 명작,https://gndrbook.com/web/product/big/202508/d5e78984138932aef20cd0c05c3f2be2.png,https://gndrbook.com/web/upload/NNEditor/20250725/7EC84B8EC9AA9_EC97B0EBA0B9EBB384ECB694ECB29CEB8F84EC849C.png,22000
[연령별] 10세용 단행본 베스트셀러 20권,초등고학년,연령별,전래 · 명작,https://gndrbook.com/web/product/big/202508/93f286ee279cb8eea11fceddde5c91ce.png,https://gndrbook.com/web/upload/NNEditor/20250725/10EC84B8EC9AA9_EC97B0EBA0B9EBB384ECB694ECB29CEB8F84EC849C.png,22000
[연령별] 5세용 단행본 베스트셀러 20권,초등고학년,연령별,전래 · 명작,https://gndrbook.com/web/product/big/202508/c987b0a711436d5a093cc0445972a286.png,https://gndrbook.com/web/upload/NNEditor/20250725/5EC84B8EC9AA9_EC97B0EBA0B9EBB384ECB694ECB29CEB8F84EC849C.png,22000
[연령별] 2세용 단행본 베스트셀러 20권,초등고학년,연령별,전래 · 명작,https://gndrbook.com/web/product/big/202508/efa0100e8d4081c2a4337e66e8d2c4e0.png,https://gndrbook.com/web/upload/NNEditor/20250725/2EC84B8EC9AA9_EC97B0EBA0B9EBB384ECB694ECB29CEB8F84EC849C.png,22000
[연령별] 6세용 단행본 베스트셀러 20권,초등고학년,연령별,전래 · 명작,https://gndrbook.com/web/product/big/202508/98899fbe8b779a109667bc1e41228afe.png,https://gndrbook.com/web/upload/NNEditor/20250725/6EC84B8EC9AA9_EC97B0EBA0B9EBB384ECB694ECB29CEB8F84EC849C.png,22000
[아울북] 정재승의 인간 탐구 보고서 10권,초등고학년,아울북,전래 · 명작,https://gndrbook.com/web/product/big/202508/374339363ae99275cdbefcd58b435fb8.png,https://gndrbook.com/web/upload/NNEditor/20250725/EC9584EC9AB8EBB681_ECA095EC9EACEC8AB9EC9D98EC9DB8EAB084ED8390EAB5ACEBB3B4EAB3A0EC849C_10.png,15000
[헤르만헤세] How so 교과서에 나오는 한국역사탐구 36권,초등고학년,헤르만헤세,전래 · 명작,https://gndrbook.com/web/product/big/202508/9f97c448e25b0c1792f8198d427e9a3d.png,https://gndrbook.com/web/upload/NNEditor/20250729/ED97A4EBA5B4EBA78CED97A4EC84B8_howsoEAB590EAB3BCEC849CEC9790EB8298EC98A4EB8A94ED959CEAB5ADEC97ADEC82ACED8390EAB5AC_36.png,19000
[연령별] 4세용 단행본 베스트셀러 20권,초등고학년,연령별,전래 · 명작,https://gndrbook.com/web/product/big/202508/151b7e1d5cb571990ea79e410456a821.png,https://gndrbook.com/web/upload/NNEditor/20250725/4EC84B8EC9AA9_EC97B0EBA0B9EBB384ECB694ECB29CEB8F84EC849C.png,22000
[돌핀북] 채사장의 지대넓얕 10권,초등고학년,돌핀북,전래 · 명작,https://gndrbook.com/web/product/big/202508/2ee62b31ab95178f171d3570b3801b05.png,https://gndrbook.com/web/upload/NNEditor/20250725/EB8F8CED9580EBB681_ECB184EC82ACEC9EA5EC9D98ECA780EB8C80EB8493EC9695_10.png,19000
[아이세움] 레이튼 미스터리 탐정사무소 10권,초등고학년,아이세움,전래 · 명작,https://gndrbook.com/web/product/big/202508/b5a2eeaf25c9620b9dfccbb41a461b7f.png,https://gndrbook.com/web/upload/NNEditor/20250729/EC9584EC9DB4EC84B8EC9B80_EBA088EC9DB4ED8ABCEBAFB8EC8AA4ED84B0EBA6ACED8390ECA095EC82ACEBACB4EC868C_10.png,19000
[연령별] 3세용 단행본 베스트셀러 20권,초등고학년,연령별,전래 · 명작,https://gndrbook.com/web/product/big/202508/682005401e3aaed13f6e8d4b720750da.png,https://gndrbook.com/web/upload/NNEditor/20250725/3EC84B8EC9AA9_EC97B0EBA0B9EBB384ECB694ECB29CEB8F84EC849C.png,22000
[가나] 의사 어벤저스 시리즈 10권,초등고학년,가나,전래 · 명작,https://gndrbook.com/web/product/big/202508/5e56cbb24d05f17ca56236db8041537e.png,https://gndrbook.com/web/upload/NNEditor/20250729/EAB080EB8298_EC9D98EC82ACEC96B4EBB2A4ECA080EC8AA4EC8B9CEBA6ACECA688_EC9E90EC82ACEBAAB0_10.png,19000
[가나] 신문이 보이고 뉴스가 들리는 재미있는 이야기 40권,초등고학년,가나,전래 · 명작,https://gndrbook.com/web/product/big/202508/a6982cb30ef1791022346826f2934827.png,https://gndrbook.com/web/upload/NNEditor/20250729/EAB080EB8298_EC8BA0EBACB8EC9DB4EBB3B4EC9DB4EAB3A0EB89B4EC8AA4EAB080EB93A4EBA6ACEB8A94EC9EACEBAFB8EC9E88EB8A94EC9DB4EC95BCEAB8B0_40.png,25000
[기타] 초6 추천도서 11권,초등고학년,기타,전래 · 명작,https://gndrbook.com/web/product/big/202508/7cea52e3fac1e6cc527a2b145f5fce4c.png,https://gndrbook.com/web/upload/NNEditor/20250729/EAB8B0ED8380_ECB488EB93B16ED9599EB8584EAB590EAB3BCEC8898EBA19DECB694ECB29CEB8F84EC849C_11.png,22000
[기타] 초5 추천도서 13권,초등고학년,기타,전래 · 명작,https://gndrbook.com/web/product/big/202508/d1a729de65a11cd0d3b22c81576079e9.png,https://gndrbook.com/web/upload/NNEditor/20250729/EAB8B0ED8380_ECB488EB93B15ED9599EB8584EAB590EAB3BCEC8898EBA19DECB694ECB29CEB8F84EC849C_13.png,31000
[기타] 초4 추천도서 14권,초등고학년,기타,전래 · 명작,https://gndrbook.com/web/product/big/202508/86258073552dad8fd2427de8e86cdf83.png,https://gndrbook.com/web/upload/NNEditor/20250729/EAB8B0ED8380_ECB488EB93B14ED9599EB8584EAB590EAB3BCEC8898EBA19DECB694ECB29CEB8F84EC849C_14.png,22000
[교원] 마음이 커지는 사회성그림책 32권,4-7세,교원,수학 · 영어,https://gndrbook.com/web/product/big/202508/2999625637f66c35e575b037c8560783.png,https://gndrbook.com/web/upload/NNEditor/20250728/EAB590EC9B90_EBA788EC9D8CEC9DB4ECBBA4ECA780EB8A94EC82ACED9A8CEC84B1EAB7B8EBA6BCECB185_32.png,상품가격
[옥스포드] ORT 4단계 36권,4-7세,옥스포드,수학 · 영어,https://gndrbook.com/web/product/big/202508/6c3846ecf1aafca73b4f93552b60b8f9.png,https://gndrbook.com/web/upload/NNEditor/20260612/EC8BA0ORT4.png,19000
[그레이트북스] 내친구 과학공룡 48권,4-7세,그레이트북스,수학 · 영어,https://gndrbook.com/web/product/big/202507/7c71533dcea45a9be54ccb452243bbf7.png,https://gndrbook.com/web/upload/NNEditor/20250724/EAB7B8EBA088EC9DB4ED8AB8EBB681EC8AA4_EB82B4ECB99CEAB5ACEAB3BCED9599EAB3B5EBA3A1_48.png,23000
[그레이트북스] 내친구 역사공룡 38권 ⏳ 최대 3~4주 지연되는 상품,4-7세,그레이트북스,수학 · 영어,https://gndrbook.com/web/product/big/202604/5206af3fbf6059180778d9c8595b1b2a.png,https://gndrbook.com/web/upload/NNEditor/20260616/copy-1781566521-3~4ECA3BCE385A0.png,13000
[그레이트북스] 술술이 책방 40권,4-7세,그레이트북스,수학 · 영어,https://gndrbook.com/web/product/big/202507/fd03a20d28b7536ce48c79cd2a2e2e6e.png,https://gndrbook.com/web/upload/NNEditor/20250724/EAB7B8EBA088EC9DB4ED8AB8EBB681EC8AA4_EC88A0EC88A0EC9DB4ECB185EBB0A9_40.png,29000
[아람북스] 리리의 이야기 숲 33권 ⏳최대 3~4주 지연되는 상품,4-7세,아람북스,수학 · 영어,https://gndrbook.com/web/product/big/202604/fccd096319538c61410c9d464a844c95.png,https://gndrbook.com/web/upload/NNEditor/20260616/copy-1781566534-3~4ECA3BCE385A0.png,25000
[그레이트북스] 안녕 마음아 58권,4-7세,그레이트북스,수학 · 영어,https://gndrbook.com/web/product/big/202507/cbe71005a9b6b11870a19fb5e092a308.png,https://gndrbook.com/web/upload/NNEditor/20250724/EAB7B8EBA088EC9DB4ED8AB8EBB681EC8AA4_EC9588EB8595EBA788EC9D8CEC9584_58.png,29000
[아람북스] 그리스로마신화 30권,4-7세,아람북스,수학 · 영어,https://gndrbook.com/web/product/big/202602/a06a57d2eab518ba05278f78fb018c12.png,https://gndrbook.com/web/upload/NNEditor/20260210/EC9584EB9E8CEBB681EC8AA4_EAB7B8EBA6ACEC8AA4EBA19CEBA788EC8BA0ED9994_30.png,17000
[그레이트북스] 이야기 꽃할망 72권,4-7세,그레이트북스,수학 · 영어,https://gndrbook.com/web/product/big/202602/28b74aa1c36d0000cc95b43c4d438349.png,https://gndrbook.com/web/upload/NNEditor/20260210/EAB7B8EBA088EC9DB4ED8AB8EBB681EC8AA4_EC9DB4EC95BCEAB8B0EABD83ED95A0EBA79D_72.png,19000
[아람][최신판] 요술램프 세계명작 65권,4-7세,아람,수학 · 영어,https://gndrbook.com/web/product/big/202507/3c74d77265347ba7c6e9bcd8b1d70418.png,https://gndrbook.com/web/upload/NNEditor/20250724/EC9584EB9E8CEBB681EC8AA4_EC9A94EC88A0EB9EA8ED9484EC84B8EC9AB8CEC9E91_65.png,19000
[아람북스] 과학특공대 45권,4-7세,아람북스,수학 · 영어,https://gndrbook.com/web/product/big/202602/e611345dc6157584ecf5c5394ed7fbe9.png,https://gndrbook.com/web/upload/NNEditor/20260323/EC9584EB9E8CEBB681EC8AA4_EAB3BCED9599ED8AB9EAB3B5EB8C80_45.png,21000
[그레이트북스] 내친구 사회공룡 42권⏳최대 3~4주 지연되는 상품,4-7세,그레이트북스,수학 · 영어,https://gndrbook.com/web/product/big/202602/a168ce8e572786d201baafd536199d15.png,https://gndrbook.com/web/upload/NNEditor/20260210/EAB7B8EBA088EC9DB4ED8AB8EBB681EC8AA4_EB82B4ECB99CEAB5ACEUC82ACED9A8CEAB3B5EBA3A1_42.png,18000
[키즈스콜레] 브레인 30권,4-7세,키즈스콜레,수학 · 영어,https://gndrbook.com/web/product/big/202601/24b197a0f6c3c7dc075f0fb22e3cff31.png,https://gndrbook.com/web/upload/NNEditor/20260619/copy-1781837652-3~4ECA3BCECA780EC97B0.png,28000
[그레이트북스] 행복한 명작 65권,4-7세,그레이트북스,수학 · 영어,https://gndrbook.com/web/product/big/202605/afde5d902e979ffb48320ee8f0076be7.png,https://gndrbook.com/web/upload/NNEditor/20260519/EAB7B8EBA088EC9DB4ED8AB8EBB681EC8AA4_ED9689EBB3B5ED959CEBAA85EC9E91_65.png,22000
[그레이트북스] 도레미곰 44권,4-7세,그레이트북스,수학 · 영어,https://gndrbook.com/web/product/big/202602/ddf9f0151563a7048fc2e72ed88087c4.png,https://gndrbook.com/web/upload/NNEditor/20260402/EAB7B8EBA088EC9DB4ED8AB8EBB681EC8AA4_EC8F84EBA088EBAFB8EAB3B0_44.png,29000
[아람] 경제특공대 30권 ⏳최대 3~4주 지연되는 상품,4-7세,아람,수학 · 영어,https://gndrbook.com/web/product/big/202508/401ce7c9f711ff7e6e4f6d40ace08636.png,https://gndrbook.com/web/upload/NNEditor/20260716/3~4ECA3BCE385A0.png,14000
[성우주니어] 꼬마 과학뒤집기 55권,4-7세,성우주니어,수학 · 영어,https://gndrbook.com/web/product/big/202507/5083179578eea18bf355a4caf061a2e2.png,https://gndrbook.com/web/upload/NNEditor/20250725/EC84B1EC9AB0ECA3BCEB8B88EC96B4_EABCACEBA788EAB3BCED9599EB92A4ECA791EAB8B0_55.png,33000
[아람] 참 똑똑한 사회씨 68권,4-7세,아람,수학 · 영어,https://gndrbook.com/web/product/big/202507/8e7e0b9463bd2712f63178ed6c126694.png,https://gndrbook.com/web/upload/NNEditor/20250724/EC9584EB9E8CEBB681EC8AA4_ECB0B8EB9891EB9891ED959CEC82ACED9A8CEC94A8_68.png,26000
[글뿌리] 망고라이언 왜 안돼요 30권,4-7세,글뿌리,수학 · 영어,https://gndrbook.com/web/product/big/202604/d4be04f44673f343f9a47803fe966e6d.png,https://gndrbook.com/web/upload/NNEditor/20260420/EAB880EBBF8CEBA6AC_EBA79DEAB3A0EB9DBCEC9DB4EC96B8_30.png,22000
[그레이트북스] 베베 코알라 45권,4-7세,그레이트북스,수학 · 영어,https://gndrbook.com/web/product/big/202602/afbf244f9d355b288fb530f32442f674.png,https://gndrbook.com/web/upload/NNEditor/20260210/copy-1770714989-EAB7B8EBA088EC9DB4ED8AB8EBB681EC8AA4_EBB2A0EBB2A0ECBD94EC958CEB9DBC_45.png,19000
[아람북스] 심쿵 48권,4-7세,아람북스,수학 · 영어,https://gndrbook.com/web/product/big/202602/e9aa9cd15d00f0ad13893f03c696b87e.png,https://gndrbook.com/web/upload/NNEditor/20260210/EC9584EB9E8CEBB681EC8AA4_EC8BACECBFB5_48.png,25000
[아람] 명작문학 48권,4-7세,아람,수학 · 영어,https://gndrbook.com/web/product/big/202507/aa988b25efe623ce60b2b3203f265148.png,https://gndrbook.com/web/upload/NNEditor/20250724/EC9584EB9E8CEBB681EC8AA4_EBAA85EC9E91EBACB8ED9599_48.png,14000
[아람북스] 꼬꼬마 과학자 70권,4-7세,아람북스,수학 · 영어,https://gndrbook.com/web/product/big/202602/e82411cbb249ea3136310a63f2bf2179.png,https://gndrbook.com/web/upload/NNEditor/20260210/EC9584EB9E8CEBB681EC8AA4_EABCACEABCACEBA788EAB3BCED9599EC9E90_70.png,19000
[그레이트북스] 최신판 놀라운자연 65권⏳최대 3~4주 지연되는 상품,4-7세,그레이트북스,수학 · 영어,https://gndrbook.com/web/product/big/202507/85ba240e83d803b1c88d5c5cfb90de58.png,https://gndrbook.com/web/upload/NNEditor/20260130/EAB7B8EBA088EC9DB4ED8AB8EBB681EC8AA4_EB8680EB9DBCEC9AB4EC9E90EC97B0_65.png,19000
[그레이트북스] 세계문학 책시루 50권,4-7세,그레이트북스,수학 · 영어,https://gndrbook.com/web/product/big/202602/401231df79b7945516891255514fbb96.png,https://gndrbook.com/web/upload/NNEditor/20260210/EAB7B8EBA088EC9DB4ED8AB8EBB681EC8AA4_EC84B8EAB384EBACB8ED9599ECB185EC8B9CEBA3A8_50.png,22000
[아람] 키즈아티움 45권,4-7세,아람,수학 · 영어,https://gndrbook.com/web/product/big/202507/0529372b0fbf519ea305bad6b3ddd3e0.png,https://gndrbook.com/web/upload/NNEditor/20250724/copy-1753338325-EC9584EB9E8CEBB681EC8AA4_ED82A4ECA688EC9584ED8BB0EC9B80_45.png,15000
[아람] 아우라 한국사 45권,4-7세,아람,수학 · 영어,https://gndrbook.com/web/product/big/202507/dfd51c11abc2b7a9a7efd5ca345ff5d0.png,https://gndrbook.com/web/upload/NNEditor/20250724/copy-1753338097-EC9584EB9E8CEBB681EC8AA4_EC9584EC9AB0EB9DBCED959CEAB5ADEC82AC_45.png,13000
[아람] 인물 세미나 72권,4-7세,아람,수학 · 영어,https://gndrbook.com/web/product/big/202507/234351c604d86d8b8c4c0b56fc44eada.png,https://gndrbook.com/web/upload/NNEditor/20250724/copy-1753337296-EC9584EB9E8CEBB681EC8AA4_EC9DB8EBACBCEC84B8EBAFB8EB8298_72.png,17000
[그레이트북스][최신판] 생활 속 원리과학 65권,4-7세,그레이트북스,수학 · 영어,https://gndrbook.com/web/product/big/202507/92e4d5ddecae2a195afd7bf35e9da0b4.png,https://gndrbook.com/web/upload/NNEditor/20250724/EAB7B8EBA088EC9DB4ED8AB8EBB681EC8AA4_EC839DED999CEC868DEC9B90EBA6ACEAB3BCED9599_65.png,19000
[그레이트북스] 놀라운자연 62권,4-7세,그레이트북스,수학 · 영어,https://gndrbook.com/web/product/big/202507/85ba240e83d803b1c88d5c5cfb90de58.png,https://gndrbook.com/web/upload/NNEditor/20260130/EAB7B8EBA088EC9DB4ED8AB8EBB681EC8AA4_EB8680EB9DBCEC9AB4EC9E90EC97B0_62.png,28000
[그레이트북스] 으랏차차 이야기 한국사 67권,4-7세,그레이트북스,수학 · 영어,https://gndrbook.com/web/product/big/202602/bd948327a806c4fbdef0b53870c90a96.png,https://gndrbook.com/web/upload/NNEditor/20260210/EAB7B8EBA088EC9DB4ED8AB8EBB681EC8AA4_EC9CBCEB9E8FECB0A8ECB0A8EC9DB4EC95BCEAB8B0ED959CEAB5ADEC82AC_67.png,17000
[그레이트북스] 버니의 세계책방 45권,4-7세,그레이트북스,수학 · 영어,https://gndrbook.com/web/product/big/202507/4a58558c16a3487299e4a7475c18c78c.png,https://gndrbook.com/web/upload/NNEditor/20250724/EAB7B8EBA088EC9DB4ED8AB8EBB681EC8AA4_EBB284EB8B88EC9D98EC84B8EAB384ECB185EBB0A9_45.png,19000
[책마중] 달달책방 49권,4-7세,책마중,수학 · 영어,https://gndrbook.com/web/product/big/202507/9fc87ea2158900d59d9cc36924f56c79.png,https://gndrbook.com/web/upload/NNEditor/20260622/copy-1782095252-3~4ECA3BCECA780EC97B0.png,13000
[아람] 과학 도깨비 54권,4-7세,아람,수학 · 영어,https://gndrbook.com/web/product/big/202507/0c873d57119a869827c9d49963f9d1c4.png,https://gndrbook.com/web/upload/NNEditor/20250724/EC9584EB9E8CEBB681EC8AA4_EAB3BCED9599EB8F84EAB9A8EBB984_54.png,31000
[키즈스콜레] 밤비노루크 48권 + 키트,4-7세,키즈스콜레,수학 · 영어,https://gndrbook.com/web/product/big/202508/fc6919dba10ca72235603f9612c9d160.png,https://gndrbook.com/web/upload/NNEditor/20250725/ED82A4ECA688EC8AA4ECBD9CEBA088_EBB0A4EBB984EB85B8EBA3A8ED81AC_48.png,15000
[프뢰벨] 인물동화 50권,4-7세,프뢰벨,수학 · 영어,https://gndrbook.com/web/product/big/202508/891be082e0b1fb4d654f1bed0c04b541.png,https://gndrbook.com/web/upload/NNEditor/20250724/ED9484EBA2B0EBB2A8_EC9DB8EBACBCEB8F99ED9994_50.png,15000
[그레이트북스][최신판] 신 지인지기 70권⏳ 최대 3~4주 지연되는 상품,4-7세,그레이트북스,수학 · 영어,https://gndrbook.com/web/product/big/202507/ba39e46d43a3d0f5e7516ee99833a637.png,https://gndrbook.com/web/upload/NNEditor/20260616/copy-1781566342-3~4ECA3BCE385A0.png,17000
[키즈스콜레] 발밤발밤 옛이야기 50권,4-7세,키즈스콜레,수학 · 영어,https://gndrbook.com/web/product/big/202508/ef693e2e2dafa645985c13e0505d755a.png,blob:https://gndrbooks.cafe24.com/ccfe62b0-9d3b-4dd6-b3d4-4af7cbba96f5,21000
[웅진] 한걸음먼저 국어 32권,4-7세,웅진,수학 · 영어,https://gndrbook.com/web/product/big/202509/a655a39eb52793fa9ce3ced7538465ec.png,https://gndrbook.com/web/upload/NNEditor/20250728/EC9B85ECA784_ED959CEAB1B8EC9D8CEBA8BCECA080EAB5ADEC96B4_32.png,19000
[프뢰벨] 전래동화 50권,4-7세,프뢰벨,수학 · 영어,https://gndrbook.com/web/product/big/202508/c0890f05809ca698f0d32bb8bfa0c4ca.png,https://gndrbook.com/web/upload/NNEditor/20250724/ED9484EBA2B0EBB2A8_ECA084EB9E98EB8F99ED9994_50.png,31000
[아람북스] 라라랜드 45권,4-7세,아람북스,수학 · 영어,https://gndrbook.com/web/product/big/202602/423521654c6029f3ea39f5808fa7823b.png,https://gndrbook.com/web/upload/NNEditor/20260210/EC9584EB9E8CEBB681EC8AA4_EB9DBCEB9DBCEB9E9CEB939C_45.png,13000
[비룡소] 난 책읽기가 좋아 1단계 30권,4-7세,비룡소,수학 · 영어,https://gndrbook.com/web/product/big/202508/29e3a9f6c90b6c9a254f75d6f64de845.png,https://gndrbook.com/web/upload/NNEditor/20250729/EBB984EBA3A1EC868C_EB829CECB185EC9DBDEAB8B0EAB080ECA28BEC95841EB8BA8EAB384_30.png,18000
[그레이트북스] 힘찬 유사사기 60권,4-7세,그레이트북스,수학 · 영어,https://gndrbook.com/web/product/big/202507/7ffc0292cf696d822e50396c3030c64c.png,https://gndrbook.com/web/upload/NNEditor/20250724/EAB7B8EBA088EC9DB4ED8AB8EBB681EC8AA4_ED9E98ECB0ACEC9CA0EC82ACEC82ACEAB8B0_60.png,19000
[그레이트북스][최신판] 생활 속 사회탐구 62권 ⏳ 최대 3~4주 지연되는 상품,4-7세,그레이트북스,수학 · 영어,https://gndrbook.com/web/product/big/202507/ef122ea4bb1c77b3cfa4b1a5bdc8a3d8.png,https://gndrbook.com/web/upload/NNEditor/20250724/EAB7B8EBA088EC9DB4ED8AB8EBB681EC8AA4_EC839DED999CEC868DEC82ACED9A8CED8390EAB5AC_62.png,15000
[웅진] 원리가 보이는 과학 44권,4-7세,웅진,수학 · 영어,https://gndrbook.com/web/product/big/202507/043e1a2afb50e426c1de181cc6b8094b.png,https://gndrbook.com/web/upload/NNEditor/20260616/copy-1781566364-3~4ECA3BCE385A0.png,31000
[그레이트북스][최신판] 개념씨 수학나무 55권,4-7세,그레이트북스,수학 · 영어,https://gndrbook.com/web/product/big/202507/c32fa30d603e5889faea885fdbd6b0cd.png,https://gndrbook.com/web/upload/NNEditor/20250724/EAB7B8EBA088EC9DB4ED8AB8EBB681EC8AA4_EAB09CEB8590EC94A8EC8898ED9599EB8298EBACB4_55.png,22000
[길벗어린이] 김영진 그림책 베스트 19권,4-7세,길벗어린이,수학 · 영어,https://gndrbook.com/web/product/big/202507/8dc10c7358c196a856662ae76dbdb99b.png,https://gndrbook.com/web/upload/NNEditor/20260420/EAB8B8EBB297EC96B4EBA6B0EC9DB4_ECA780EC9B90EC9DB4EC9980EBB391EAB480EC9DB4_19.png,14000
[키즈스콜레] 사이언스메이커 40권,4-7세,키즈스콜레,수학 · 영어,https://gndrbook.com/web/product/big/202508/15a5324865f3a1ea67757d72fb7c0f5d.png,https://gndrbook.com/web/upload/NNEditor/20250725/ED82A4ECA688EC8AA4ECBD9CEBA088_EC82ACEC9DB4EC96B8EC8AA4EBA994EC9DB4ECBBA4_40.png,26000
[사계절] 웃는 코끼리 23권,4-7세,사계절,수학 · 영어,https://gndrbook.com/web/product/big/202508/07eaba64b4ae12ec7d691ebef356f4ef.png,https://gndrbook.com/web/upload/NNEditor/20250725/EC82ACEAB384ECA088_EC9B83EB8A94ECBD94EB81BCEBA6AC_23.png,21000
[웅진] 우리 그림책 시리즈 50권,4-7세,웅진,수학 · 영어,https://gndrbook.com/web/product/big/202508/42dede8792213ee1ef7105c92f9f4043.png,https://gndrbook.com/web/upload/NNEditor/20250725/EC9B85ECA784ECA3BCEB8B88EC96B4_EC9AB0EBA6ACEAB7B8EBA6BCECB185_50.png,31000
[키즈스콜레] 메이크마이스토리 24권,4-7세,키즈스콜레,수학 · 영어,https://gndrbook.com/web/product/big/202508/78cfeae170b87014317e2fdbd4506195.png,https://gndrbook.com/web/upload/NNEditor/20250725/ED82A4ECA688EC8AA4ECBD9CEBA088_EBA994EC9DB4ED81ACEBA788EC9DB4EC8AA4ED86A0EBA6AC_24.png,29000
[키즈스콜레] 창의마루 생각누리 35권,4-7세,키즈스콜레,수학 · 영어,https://gndrbook.com/web/product/big/202508/630681cfd2740d0533397d808149b07d.png,https://gndrbook.com/web/upload/NNEditor/20250724/ED82A4ECA688EC8AA4ECBD9CEBA088_ECB0BDEC9D98EBA788EBA3A8EC839DEAB081EB8884EBA6AC_35.png,22000
[주니어김영사] 신나는 교과체험학습 100권,4-7세,주니어김영사,수학 · 영어,https://gndrbook.com/web/product/big/202507/db86ba695b8d478fd0459cce0e97f3ca.png,https://gndrbook.com/web/upload/NNEditor/20250728/ECA3BCEB8B88EC96B4EAB980EC9881EC82AC_EC8BA0EB8298EB8A94EAB590EAB3BCECB2B4ED9798ED9599EC8AB5_100.png,22000
[통큰세상] 하늘천 고사성어 한자동화 50권,4-7세,통큰세상,수학 · 영어,https://gndrbook.com/web/product/big/202507/778602092a4d05b8abd9ec5fad63e923.png,https://gndrbook.com/web/upload/NNEditor/20250725/ED86B5ED81B0EC84B8EC8381_ED9598EB8A98ECB29CEAB3A0EC82ACEC84B1EC96B4ED959CEC9E90EB8F99ED9994_EC9E90EC82ACEBAAB0_50.png,31000
[키즈스콜레] 바람 그림책 30권,4-7세,키즈스콜레,수학 · 영어,https://gndrbook.com/web/product/big/202601/ae9f5eae98899f47988a6d173c9865d5.png,https://gndrbook.com/web/upload/NNEditor/20250729/ECB29CEAB09CEC9D98EBB094EB9E8C_EBB094EB9E8CEAB7B8EBA6BCECB185_30.png,17000
[키즈스콜레] 틱톡 디베이트 프로그램 20권,4-7세,키즈스콜레,수학 · 영어,https://gndrbook.com/web/product/big/202508/6c16db6e7cf5ab4174fdf58d16e6cbc1.png,https://gndrbook.com/web/upload/NNEditor/20250725/ED82A4ECA688EC8AA4ECBD9CEBA088_ED8BB1ED86A1EB9494EBB2A0EC9DB4ED8AB8_20.png,21000
[그레이트북스] 동화 속 아트톡 14권,4-7세,그레이트북스,수학 · 영어,https://gndrbook.com/web/product/big/202508/7fcb2571c5961865ffea7d815e74ad35.png,https://gndrbook.com/web/upload/NNEditor/20250724/EAB7B8EBA088EC9DB4ED8AB8EBB681EC8AA4_EB8F99ED9994EC868DEC9584ED8AB8ED86A1_14.png,22000
[연두비] 리더십 학교가자 60권,4-7세,연두비,수학 · 영어,https://gndrbook.com/web/product/big/202507/10a3e28164721b45aeb03ecf8253cc9e.png,https://gndrbook.com/web/upload/NNEditor/20250725/EC97B0EB9190EBB984_EBA6ACEB8D94EC8BADED9599EAB590EAB080EC9E90_60.png,28000
[아람] 말하는 첫발견 50권,4-7세,아람,수학 · 영어,https://gndrbook.com/web/product/big/202507/1838cd2c4696ea57631c044b3715fdaf.png,https://gndrbook.com/web/upload/NNEditor/20250724/EC9584EB9E8CEBB681EC8AA4_EBA790ED9598EB8A94ECB2ABEBB09CEAB2AC_50.png,16000
[키즈스콜레] 미니루크 48권,4-7세,키즈스콜레,수학 · 영어,https://gndrbook.com/web/product/big/202508/a58fbccaeaf2cbef52c01feadd99c39e.png,https://gndrbook.com/web/upload/NNEditor/20250725/ED82A4ECA688EC8AA4ECBD9CEBA088_EBAFB8EB8B88EBA3A8ED81AC_48.png,22000
[키즈스콜레] 박학다식 50권,4-7세,키즈스콜레,수학 · 영어,https://gndrbook.com/web/product/big/202508/aa7b418c2f62f642833309e87f8678b5.png,https://gndrbook.com/web/upload/NNEditor/20250725/ED82A4ECA688EC8AA4ECBD9CEBA088_EBB095ED9599EB8BA4EC8B9D_50.png,26000
[그레이트북스] 행복한 명작 70권,4-7세,그레이트북스,수학 · 영어,https://gndrbook.com/web/product/big/202507/bb44e3ba3e1a53040846250d3483f02e.png,https://gndrbook.com/web/upload/NNEditor/20250724/EAB7B8EBA088EC9DB4ED8AB8EBB681EC8AA4_ED9689EBB3B5ED959CEBAA85EC9E91_70.png,13000
[키즈스콜레] 나는 알아요 30권,4-7세,키즈스콜레,수학 · 영어,https://gndrbook.com/web/product/big/202508/ccb2a806b621fabc00193139baa0967b.png,https://gndrbook.com/web/upload/NNEditor/20250725/ED82A4ECA688EC8AA4ECBD9CEBA088_EB8298EB8A94EC958CEC9584EC9A94_30.png,19000
[슈바이처] 그리스로마신화 트로이 51권,4-7세,슈바이처,수학 · 영어,https://gndrbook.com/web/product/big/202508/d04d86b47f920bf77ae7ff71f7f2ac02.png,https://gndrbook.com/web/upload/NNEditor/20250729/EC8A88EBB094EC9DB4ECB298_EAB7B8EBA6ACEC8AA4EBA19CEBA788EC8BA0ED9994ED8AB8EBA19CEC9DB4_51.png,21000
[누리] 새콤한원리 달콤한과학 오렌지 61권,4-7세,누리,수학 · 영어,https://gndrbook.com/web/product/big/202507/89bb861bf8c48830fee6bb4db661c17e.png,https://gndrbook.com/web/upload/NNEditor/20250725/EB8884EBA6AC_EC8388ECBDA4ED959CEC9B90EBA6ACEB8BACECBDA4ED959CEAB3BCED9599EC98A4EBA08CECA780_61.png,14000
[교원] 열려라 지식문 40권⏳,4-7세,교원,수학 · 영어,https://gndrbook.com/web/product/big/202507/284e88c90719bb07266b07de8abae68d.png,https://gndrbook.com/web/upload/NNEditor/20260626/3~4ECA3BCECA780EC97B0.png,19000
[옥스포드] ORT 3단계 36권,4-7세,옥스포드,수학 · 영어,https://gndrbook.com/web/product/big/202508/15f000e135c88122945e7525592a2158.png,https://gndrbook.com/web/upload/NNEditor/20260612/EC8BA0ORT3.png,22000
[여원] 탄탄 사자성어 그림한자 45권,4-7세,여원,수학 · 영어,https://gndrbook.com/web/product/big/202509/1355b9e68785f7f9cf6f90706b3d1626.png,https://gndrbook.com/web/upload/NNEditor/20250729/EC97ACEC9B90EBAFB8EB9494EC96B4_ED8384ED8384EC82ACEC9E90EC84B1EC96B4EAB7B8EBA6BCED959CEC9E90_EC9E90EC82ACEBAAB0_45.png,23000
[황우] 인성실천동화 50권,4-7세,황우,수학 · 영어,https://gndrbook.com/web/product/big/202212/1b95d1e52875a421754aaaaddc2744b7.jpg,https://gndrbook.com/web/upload/NNEditor/20250729/ED99A9EC9AB0_EC9DB8EC84B1EC8BA4ECB29CEB8F99ED9994_50.png,22000
[스마일북스] 꿈꾸는 겨자씨 과학동화 69권,4-7세,스마일북스,수학 · 영어,https://gndrbook.com/web/product/big/202508/dc2a2b6a6cd5204a42592da3a587cf53.png,https://gndrbook.com/web/upload/NNEditor/20250729/EC8AA4EBA788EC9DBCEBB681EC8AA4_EABF88EABEB8EB8A94EAB2A8EC9E90EC94A8EAB3BCED9599EB8F99ED9994_69.png,20000
[교원] 이야기 솜사탕 50권,4-7세,교원,수학 · 영어,https://gndrbook.com/web/product/big/202507/0f23e7cafa7b929a8d7d5b523e39d0a5.png,https://gndrbook.com/web/upload/NNEditor/20260513/EAB590EC9B90_EC9DB4EC95BCEAB8B0EC869CEC82ACED8395_50.png,15000
[웅진] 달강아지 50권,4-7세,웅진,수학 · 영어,https://gndrbook.com/web/product/big/202507/3fb2622c7f1a33d76fe588456f6b7168.png,https://gndrbook.com/web/upload/NNEditor/20250728/EC9B85ECA784_EB8BACEAB095EC9584ECA780EC9AB0EBA6ACECB0BDEC9E91EAB7B8EBA6BCECB185_50.png,14000
[무지개] 톡톡 EQ의 천재들 82권,4-7세,무지개,수학 · 영어,https://gndrbook.com/web/product/big/202507/47d9c5564e53c74849bdcd5413b4a7d9.png,https://gndrbook.com/web/upload/NNEditor/20250725/EBACB4ECA780EAB09C_EQEC9D98ECB29CEC9EACEB93A4_82.png,14000
[아이세움] 에그박사 8권,4-7세,아이세움,수학 · 영어,https://gndrbook.com/web/product/big/202508/ca86bf849545a377dae683012fdc75c6.png,https://gndrbook.com/web/upload/NNEditor/20250725/EC9584EC9DB4EC84B8EC9B80_EC9790EAB7B8EBB095EC82AC_8.png,17000
[비룡소] 마음과 생각이 크는책 20권,4-7세,비룡소,수학 · 영어,https://gndrbook.com/web/product/big/202508/8fd7e1d61e1b1c2a063eae79231318e8.png,https://gndrbook.com/web/upload/NNEditor/20250725/EBB984EBA3A1EC868C_EBA788EC9D8CEAB3BCEC839DEAB081EC9DB4ED81ACEB8A94ECB185_20.png,20000
[누리] 누리한국사 페이퍼북 60권,4-7세,누리,수학 · 영어,https://gndrbook.com/web/product/big/202509/eb77b17bec883d68407d320c9c8b94e7.png,https://gndrbook.com/web/upload/NNEditor/20250729/EB8884EBA6AC_EB8884EBA6ACED959CEAB5ADEC82ACED8E98EC9DB4EC8DBCEBB681_60.png,21000
[누리] 알파짱 수학동화 50권,4-7세,누리,수학 · 영어,https://gndrbook.com/web/product/big/202601/a071fc54c67394f63cfaed9b0f11a878.png,https://gndrbook.com/web/upload/NNEditor/20250729/EB8884EBA6AC_EC958CED8C8CECA7B1EC8898ED9599EB8F99ED9994_50.png,21000
[셰익스피어] 교과서 필독도서 박영규의 조선왕조실록 60권,4-7세,셰익스피어,수학 · 영어,https://gndrbook.com/web/product/big/202508/158f850e5b240aa5dbb528f95da8295f.png,https://gndrbook.com/web/upload/NNEditor/20250729/EC85B0EC9DB5EC8AA4ED94BCEC96B4_EAB590EAB3BCEC849CED9584EB8F85EB8F84EC849CEBB095EC9881EAB79CEC9D98ECA1B0EC84A0EC9995ECA1B0EC8BA4EBA19D_60.png,21000
[글뿌리] 망고라이언 English 30권,4-7세,글뿌리,수학 · 영어,https://gndrbook.com/web/product/big/202604/89ab87f1ec556c1733bc7a127f0fff11.png,https://gndrbook.com/web/upload/NNEditor/20260626/copy-1782441556-3~4ECA3BCECA780EC97B0.png,19000
[아이세움] 처음 읽는 그리스로마신화 10권,4-7세,아이세움,수학 · 영어,https://gndrbook.com/web/product/big/202508/5387dbc8070c254f0be686deab461b73.png,https://gndrbook.com/web/upload/NNEditor/20250725/EC9584EC9DB4EC84B8EC9B80_ECB298EC9D8CEC9DBDEB8A94EAB7B8EBA6ACEC8AA4EBA19CEBA788EC8BA0ED9994_10.png,25000
[예림당] 마법의 정원이야기 23권,4-7세,예림당,수학 · 영어,https://gndrbook.com/web/product/big/202508/08a337e906132c8a05c16492d42bc2bb.png,https://gndrbook.com/web/upload/NNEditor/20250728/EC9888EBA6BCEB8BB9_EBA788EBB295EC9D98ECA095EC9B90EC9DB4EC95BCEAB8B0_23.png,22000
[웅진] 구름버스 46권,4-7세,웅진,수학 · 영어,https://gndrbook.com/web/product/big/202507/f62fdf2760032f01168f3717d5cdc225.png,https://gndrbook.com/web/upload/NNEditor/20250728/EC9B85ECA784_EAB5ACEBA684EBB284EC8AA4EAB7B8EBA6BCECB185EC8AA0_50.png,26000
[전집대여] 비룡소의 그림동화 베스트 40권 (비룡소),4-7세,전집대여,수학 · 영어,https://gndrbook.com/web/product/big/202604/e27c040056d57f18506a37f4e47d8d17.png,https://gndrbook.com/web/upload/NNEditor/20260402/EBB984EBA3A1EC868C_EBB984EBA3A1EC868CEC9D98EAB7B8EBA6BCEB8F99ED9994EBB2A0EC8AA4ED8AB8_40.png,19000
[휴먼어린이] 나의 첫 세계사 20권 ⏳ 최대3~4주 지연되는 상품,4-7세,휴먼어린이,수학 · 영어,https://gndrbook.com/web/product/big/202512/c9cb9a7508df52fa4b4d66e2b184a362.png,https://gndrbook.com/web/upload/NNEditor/20260616/copy-1781566442-3~4ECA3BCECA780EC97B0.png,28000
[랜덤하우스][최신판] 올림포스 가디언 68권 (페이퍼북),4-7세,랜덤하우스,수학 · 영어,https://gndrbook.com/web/product/big/202601/9359257cbf0a4760448a6f7b20e4d8ed.png,https://gndrbook.com/web/upload/NNEditor/20260107/EB9E9CEB8DA4ED9598EC9AB0EC8AA4_EC98ACEBA6BCED8FACEC8AA4EAB080EB9494EC96B8ED8E98EC9DB4EC8DBCEBB681_68.png,25000
[엄마마음] 칸트키즈 철학동화 60권,4-7세,엄마마음,수학 · 영어,https://gndrbook.com/web/product/big/202508/b4ca52fb20e4a99f5ef0e75cd39c13f4.png,https://gndrbook.com/web/upload/NNEditor/20250725/EC9784EBA788EBA788EC9D8C_ECB9B8ED8AB8ED82A4ECA688_60.png,32000
[웅진] 탐험캡슐 우리역사 35권,4-7세,웅진,수학 · 영어,https://gndrbook.com/web/product/big/202509/9c43a786cdfdcb04dae63796d4a1c394.png,https://gndrbook.com/web/upload/NNEditor/20250725/EC9B85ECA784_ED8390ED9798ECBAA1EC8A90EC9AB0EBA6ACEC97ADEB82AC_35.png,14000
[교원] 똑똑 과학단추 30권,4-7세,교원,수학 · 영어,https://gndrbook.com/web/product/big/202507/80fd7c0953b1f05c4e59066ef83d2ffa.png,https://gndrbook.com/web/upload/NNEditor/20250728/EAB590EC9B90_EB9891EB9891EAB3BCED9599EB8BA8ECB694_30.png,28000
[톨스토이] 리틀성경동화 60권,4-7세,톨스토이,수학 · 영어,https://gndrbook.com/web/product/big/202507/b0d6d340003d3610019b3e5f94233ac2.png,https://gndrbook.com/web/upload/NNEditor/20260319/ED86A8EC8AA4ED86A0EC9DB4_EBA6ACED8B80EC84B1EAB2BDEB8F99ED9994_62.png,13000
[글뿌리] 망고라이언 사랑해요 20권,4-7세,글뿌리,수학 · 영어,https://gndrbook.com/web/product/big/202604/befd97c08814658c3b67a02b9900fe0a.png,https://gndrbook.com/web/upload/NNEditor/20260622/3~4ECA3BCECA780EC97B0.png,17000
[글뿌리] 망고라이언 감정동화 어떡해요 30권,4-7세,글뿌리,수학 · 영어,https://gndrbook.com/web/product/big/202604/3b8f1454d915f14b4e21913e76426933.png,https://gndrbook.com/web/upload/NNEditor/20260420/EAB880EBBF8CEBA6AC_EBA79DEAB3A0EB9DBCEC9DB4EC96B8EAB090ECA095EB8F99ED9994EC96B4EB96A1ED95B4EC9A94_30.png,15000
[스콜라스틱] 플라이 가이 (Fly Guy) 15권,4-7세,스콜라스틱,수학 · 영어,https://gndrbook.com/web/product/big/202508/7c41d88ea8fa9d6c4d1be61a40281c53.png,https://gndrbook.com/web/upload/NNEditor/20250725/copy-1753427991-EC8AA4ECBD9CEB9DBCEC8AA4ED8BB1_ED948CEB9DBCEC9DB4EAB080EC9DB4_15.png,22000
[황우] 초등필독 인성 인문학 50권,4-7세,황우,수학 · 영어,https://gndrbook.com/web/product/big/202211/0dd9d6511c2b1e60acfe7ab81607b8b2.jpg,https://gndrbook.com/web/upload/NNEditor/20250729/ED99A9EC9AB0_ECB488EB93B1ED9584EB8F85EC9DB8EC84B1EC9DB8EBACB8ED9599_50.png,15000
[웅진] 와글와글 읽기그림책 70권,4-7세,웅진,수학 · 영어,https://gndrbook.com/web/product/big/202508/70677faeddacbf163c2328a278e1aa83.png,https://gndrbook.com/web/upload/NNEditor/20250728/EC9B85ECA784_EC9980EAB880EC9980EAB880EC9DBDEAB8B0EAB7B8EBA6BCECB185_70.png,20000
[웅진] 한걸음먼저 사회탐방 25권,4-7세,웅진,수학 · 영어,https://gndrbook.com/web/product/big/202507/4f012d6197faa3b4ff55c2a57f460b73.png,https://gndrbook.com/web/upload/NNEditor/20250725/EC9B85ECA784_ED959CEAB1B8EC9D8CEBA8BCECA080EC82ACED9A8CED8390EBB0A9_25.png,22000
[브리태니커] THE 브리태니커 비주얼 사이언스 19권,4-7세,브리태니커,수학 · 영어,https://gndrbook.com/web/product/big/202508/f80a75a055d6d7ad317d27a9e9f9167f.png,https://gndrbook.com/web/upload/NNEditor/20250725/EBB88CEBA6ACED839CEB8B88ECBBA4_EBB984ECA3BCEC96BCEC82ACEC9DB4EC96B8EC8AA4_19.png,19000
[문진미디어] 어스본 퍼스트 리딩 (Usborne First Reading) 1.2 단계 40권,4-7세,문진미디어,수학 · 영어,https://gndrbook.com/web/product/big/202508/d68956d87c1e200e9e11488dd7b64c7d.png,https://gndrbook.com/web/upload/NNEditor/20250725/EBACB8ECA784EBAFB8EB9494EC96B4_EC96B4EC8AA4EBB3B8ED8DBCEC8AA4ED8AB8EBA6ACEB94A912_40.png,28000
[문진미디어] 어스본 영 리딩 (Usborne Young Reading) 2단계 50권,4-7세,문진미디어,수학 · 영어,https://gndrbook.com/web/product/big/202508/448529cafe4084c215db8a7596422ac2.png,https://gndrbook.com/web/upload/NNEditor/20250725/EBACB8ECA784EBAFB8EB9494EC96B4_EC96B4EC8AA4EBB3B8EC9881EBA6ACEB94A92_50.png,28000
[코람데오] 엄마 아빠와 함께 읽는 마음콩콩 성경동화 20권,4-7세,코람데오,수학 · 영어,https://gndrbook.com/web/product/big/202508/e5afd4c49adde29c408c3cd9812583b0.png,https://gndrbook.com/web/upload/NNEditor/20250725/ECBD94EB9E8CEB8DB0EC98A4_EBA788EC9D8CECBDA9ECBDA9EC84B1EAB2BDEB8F99ED9994_20.png,39000
[웅진] 세계창작그림책 상상몰랑 40권,4-7세,웅진,수학 · 영어,https://gndrbook.com/web/product/big/202508/a428c3fba22f3b869f09823caa60ffff.png,https://gndrbook.com/web/upload/NNEditor/20250725/EC9B85ECA784_EC84B8EAB384ECB0BDEC9E91EAB7B8EBA6BCECB185EC8381EC8381EBAAB0EB9E91_40.png,19000
[스콜라스틱] 도그맨 DOGMAN 10권 (영문판),4-7세,스콜라스틱,수학 · 영어,https://gndrbook.com/web/product/big/202508/051fa0b064544abc6ae08dc943e15b18.png,https://gndrbook.com/web/upload/NNEditor/20250725/EC8AA4ECBD9CEB9DBCEC8AA4ED8BB1_EB8F84EAB7B8EBA7A8EC9881EBACB8ED8C90_10.png,29000
[누리] 알록달록 재미있는 누리 세계문화 45권,4-7세,누리,수학 · 영어,https://gndrbook.com/web/product/big/202509/780b52672673c2746407a87e9d7fdb81.png,https://gndrbook.com/web/upload/NNEditor/20250729/EB8884EBA6AC_EC958CEBA19DEB8BACEBA19DEC9EACEBAFB8EC9E88EB8A94EB8884EBA6ACEC84B8EAB384EBACB8ED9994_45.png,18000
[셰익스피어] 교과서 으뜸 통합미술탐구 64권,4-7세,셰익스피어,수학 · 영어,https://gndrbook.com/web/product/big/202508/93a87b3cffdc53c43e0287abf980f523.png,https://gndrbook.com/web/upload/NNEditor/20250729/EC85B0EC9DB5EC8AA4ED94BCEC96B4_EAB590EAB3BCEC849CEC9CBCEB9CB8ED86B5ED95A9EBAFB8EC88A0ED8390EAB5AC_64.png,21000
[톨스토이] 재치있는 이솝우화 지혜로운 탈무드 60권,4-7세,톨스토이,수학 · 영어,https://gndrbook.com/web/product/big/202508/e0542a6d3a533f71e0e3c655e51f18f9.png,https://gndrbook.com/web/upload/NNEditor/20250729/ED86A8EC8AA4ED86A0EC9DB4_EC9EACECB998EC9E88EB8A94EC9DB4EC869DEC9AB0ED9994ECA780ED989CEBA19CEC9AB0ED8388EBACB4EB939C_60.png,14000
[교원] 톡톡 철학동화 39권,4-7세,교원,수학 · 영어,https://gndrbook.com/web/product/big/202508/6fcac498e70a168eefb4f670783954a7.png,https://gndrbook.com/web/upload/NNEditor/20250728/EAB590EC9B90_ED86A1ED86A1ECB2A0ED9599EB8F99ED9994_39.png,15000
[교원] 똑똑 생각단추 30권,4-7세,교원,수학 · 영어,https://gndrbook.com/web/product/big/202509/fd427ae0b7d94b3dc0321a06a5834fd3.png,https://gndrbook.com/web/upload/NNEditor/20250728/EAB590EC9B90_EB9891EB9891EC839DEAB081EB8BA8ECB694_30.png,19000
[블루앤트리] 디즈니 잉글리쉬 리딩클럽 72권,4-7세,블루앤트리,수학 · 영어,https://gndrbook.com/web/product/big/202507/64ac52f29227c728a10afd18923f15fb.png,https://gndrbook.com/web/upload/NNEditor/20250728/EBB894EBA3A8EC95A4ED8AB8EBA6AC_EB9494ECA688EB8B88EC9E89EAB880EBA6ACEC89ACEBA6ACEB94A9ED81B4EB9FBD_72.png,13000
[글뿌리] 망고라이언 철학동화 30권,4-7세,글뿌리,수학 · 영어,https://gndrbook.com/web/product/big/202604/c500735fc4c0a3d0ca8854a49f2eaaee.png,https://gndrbook.com/web/upload/NNEditor/20260420/EAB880EBBF8CEBA6AC_EBA79DEAB3A0EB9DBCEC9DB4EC96B8ECB2A0ED9599EB8F99ED9994_30.png,19000
[교원][최신판] 호야토야의 옛날이야기 70권,4-7세,교원,수학 · 영어,https://gndrbook.com/web/product/big/202508/c3b3f2b7a0aae28d536666cffc2b2864.png,https://gndrbook.com/web/upload/NNEditor/20250725/EAB590EC9B90_ED98B8EC95BCED86A0EC95BCEC9D98EC989BEB82A0EC9DB4EC95BCEAB8B0_70.png,19000
[시공주니어] 네버랜드 마음이 자라는 성장그림책 25권,4-7세,시공주니어,수학 · 영어,https://gndrbook.com/web/product/big/202508/f3002b9aae639b649167b4cf9a83bba6.png,https://gndrbook.com/web/upload/NNEditor/20250729/EC8B9CEAB3B5ECA3BCEB8B88EC96B4_EB84A4EBBB284EB9E9CEB939CEBA788EC9D8CEC9DB4EC9E90EB9DBCEB8A94EC84B1EC9EA5EAB7B8EBA6BCECB185_25.png,19000
[비룡소] 마녀위니 20권,4-7세,비룡소,수학 · 영어,https://gndrbook.com/web/product/big/202508/82fddbda3bed5ce1578705abc5bbbb8d.png,https://gndrbook.com/web/upload/NNEditor/20250725/EBB984EBA3A1EC868C_EBA788EB8580EC9C84EB8B88_20.png,19000
[한얼] 우리아이 리더십동화 62권,4-7세,한얼,수학 · 영어,https://gndrbook.com/web/product/big/202508/c058a0ec06567a8b45e9791ecb01d49e.png,https://gndrbook.com/web/upload/NNEditor/20250729/ED959CEC96BC_EC9AB0EBA6ACEC9584EC9DB4EBA6ACEB8D94EC8BADEB8F99ED9994_62.png,21000
[시공주니어] NEW 네버랜드 세계의 걸작그림책 40권,4-7세,시공주니어,수학 · 영어,https://gndrbook.com/web/product/big/202508/441d3a011a6c17acbcb5ae1befde5243.png,https://gndrbook.com/web/upload/NNEditor/20250729/EC8B9CEAB3B5ECA3BCEB8B88EC96B4_NEWEB84A4EBB284EB9E9CEB939CEC84B8EAB384EC9D98EAB1B8EC9E91EAB7B8EBA6BCECB185_40.png,19000
[톨스토이] 전통문화 대장간 64권,4-7세,톨스토이,수학 · 영어,https://gndrbook.com/web/product/big/202508/61a5172000be55726d7b8187faaea3a0.png,https://gndrbook.com/web/upload/NNEditor/20250729/ED86A8EC8AA4ED86A0EC9DB4_ECA084ED86B5EBACB8ED9994EB8C80EC9EA5EAB084_64.png,31000
[예림당] 무엇이든 마녀상회 25권,4-7세,예림당,수학 · 영어,https://gndrbook.com/web/product/big/202508/2d4537274e8a3ff37ec7ebc5065afdbb.png,https://gndrbook.com/web/upload/NNEditor/20250728/EC9888EBA6BCEB8BB9_EBACB4EC9787EC9DB4EB93A0EBA788EB8580EC8381ED9A8C_25.png,17000
[톨스토이] 통큰인물 이야기 92권,4-7세,톨스토이,수학 · 영어,https://gndrbook.com/web/product/big/202507/a4b8e7d74b3758c49b76ff529e750f56.png,https://gndrbook.com/web/upload/NNEditor/20250725/ED86A8EC8AA4ED86A0EC9DB4_newED86B5ED81B0EC9DB8EBACBCEC9DB4EC95BCEAB8B0_92.png,26000
[글뿌리] 망고라이언 슬기로운 원 생활 20권,4-7세,글뿌리,수학 · 영어,https://gndrbook.com/web/product/big/202604/070310198552862659ac6f0e2d1e6459.png,https://gndrbook.com/web/upload/NNEditor/20260420/EAB880EBBF8CEBA6AC_EBA79DEAB3A0EB9DBCEC9DB4EC96B8EC8AACEAB8B0EBA19CEC9AB4EC9B90EC839DED999C_20.png,19000
[문학동네] 황석영 이충호 만화 삼국지 15권,4-7세,문학동네,수학 · 영어,https://gndrbook.com/web/product/big/202508/eba6fe1147b6916ee79b5814d6444c63.png,https://gndrbook.com/web/upload/NNEditor/20250725/EBACB8ED9599EB8F99EB84A4_ED99A9EC849DEC9881EC9DB4ECB6A9ED98B8EBA78CED9994EC82BCEAB5ADECA780_15.png,15000
[문진미디어] 언 아이 캔 리드북 (An i can read book) 2단계 50권,4-7세,문진미디어,수학 · 영어,https://gndrbook.com/web/product/big/202508/57fae3adea3a2740359866668fb3c87d.png,https://gndrbook.com/web/upload/NNEditor/20250725/EBACB8ECA784EBAFB8EB9494EC96B4_EC96B8EC9584EC9DB4ECBA94EBA6ACEB939CEBB6812_50.png,22000
[문진미디어] 어스본 영 리딩 (Usborne Young Reading) 1단계 50권,4-7세,문진미디어,수학 · 영어,https://gndrbook.com/web/product/big/202508/e9ec26653a2e81b06c18040342b3c152.png,https://gndrbook.com/web/upload/NNEditor/20250725/EBACB8ECA784EBAFB8EB9494EC96B4_EC96B4EC8AA4EBB3B8EC9881EBA6ACEB94A91_50.png,39000
[문진미디어] 런투리드(run to read) 96권,4-7세,문진미디어,수학 · 영어,https://gndrbook.com/web/product/big/202508/bfaa0345dcfbc82f4209b3ea68942170.png,https://gndrbook.com/web/upload/NNEditor/20250725/EBACB8ECA784EBAFB8EB9494EC96B4_EB9FB0ED88ACEBA6ACEB939C_96.png,39000
[웅진] 리틀 뮤지엄 25권,4-7세,웅진,수학 · 영어,https://gndrbook.com/web/product/big/202509/098c6bf2ecbb495d24c73e978bead6bb.png,https://gndrbook.com/web/upload/NNEditor/20250725/EC9B85ECA784_EBA6ACED8B80EBAEA4ECA780EC9784_25.png,28000
[휴먼어린이] 나의 첫 역사책 20권,4-7세,휴먼어린이,수학 · 영어,https://gndrbook.com/web/product/big/202508/b180c27e059b4f146d11c7db97d7dcd9.png,https://gndrbook.com/web/upload/NNEditor/20250729/ED9CB4EBA8BCEC96B4EBA6B0EC9DB4_EB8298EC9D98ECB2ABEC97ADEC82ACECB185_20.png,22000
[통큰세상] 한국대표 순수창작동화 64권,4-7세,통큰세상,수학 · 영어,https://gndrbook.com/web/product/big/202508/f2c97d547beeef8fb8b424b9d6bc7f90.png,https://gndrbook.com/web/upload/NNEditor/20250729/ED86B5ED81B0EC84B8EC8381_ED959CEAB5ADEB8C80ED919CEC889CEC8898ECB0BDEC9E91EB8F99ED9994_64.png,29000
[톨스토이] 쏙닥쏙닥 교과융합 세계명작동화 80권,4-7세,톨스토이,수학 · 영어,https://gndrbook.com/web/product/big/202601/8672098b2e3b738fb62718a892e197f0.png,https://gndrbook.com/web/upload/NNEditor/20250729/ED86A8EC8AA4ED86A0EC9DB4_EC8F99EB8BA5EC8F99EB8BA5EAB590EAB3BCEC9CB5ED95A9EC84B8EAB384EBAA85EC9E91EB8F99ED9994_80.png,17000
[교원] 똑똑 한글단추 35권,4-7세,교원,수학 · 영어,https://gndrbook.com/web/product/big/202507/74e1538773069e86c86566ae330ff1e0.png,https://gndrbook.com/web/upload/NNEditor/20250728/EAB590EC9B90_EB9891EB9891ED959CEAB880EB8BA8ECB694_35.png,19000
[웅진] 재미만만 한국사 20권,4-7세,웅진,수학 · 영어,https://gndrbook.com/web/product/big/202508/0f8a25e375c783ee6b704fd5dcfe5ad4.png,https://gndrbook.com/web/upload/NNEditor/20250725/EC9B85ECA784ECA3BCEB8B88EC96B4_EC9EACEBAFB8EBA78CEBA78CED959CEAB5ADEC82AC_20.png,13000
[문진미디어] 언 아이 캔 리드북 (An i can read book) 1단계 50권,4-7세,문진미디어,수학 · 영어,https://gndrbook.com/web/product/big/202508/9da2583c400927d8232ebe43fcc78f67.png,https://gndrbook.com/web/upload/NNEditor/20250725/EBACB8ECA784EBAFB8EB9494EC96B4_EC96B8EC9584EC9DB4ECBA94EBA6ACEB939CEBB6811_50.png,28000
[제이와이북스] 닥터 수스 20권,4-7세,제이와이북스,수학 · 영어,https://gndrbook.com/web/product/big/202508/6ee5a3f5a2f086544ab92634f6537990.png,https://gndrbook.com/web/upload/NNEditor/20250725/ECA09CEC9DB4EC9980EC9DB4EBB681EC8AA4_EB8BA5ED84B0EC8898EC8AA4_20.png,39000
[누리] 명랑사회 64권,4-7세,누리,수학 · 영어,https://gndrbook.com/web/product/big/202601/5785fc5a404dbf8be2db9980a9d1cf7b.png,https://gndrbook.com/web/upload/NNEditor/20250729/EB8884EBA6AC_EBAA85EB9E91EC82ACED9A8C_64.png,23000
[셰익스피어] 논리꼬마 철학동화 60권,4-7세,셰익스피어,수학 · 영어,https://gndrbook.com/web/product/big/202508/871c33b5cb236fca607ad3859e698b47.png,https://gndrbook.com/web/upload/NNEditor/20250729/copy-1753756134-EC85B0EC9DB5EC8AA4ED94BCEC96B4_EB85BCEBA6ACEABCACEBA788ECB2A0ED9599EB8F99ED9994_60.png,15000
[셰익스피어] 교과융합 삼국유사 삼국사기 고려사 78권,4-7세,셰익스피어,수학 · 영어,https://gndrbook.com/web/product/big/202508/8afff2f8bd9d81ba2627bf973bc722ca.png,https://gndrbook.com/web/upload/NNEditor/20250729/copy-1753754713-EC85B0EC9DB5EC8AA4ED94BCEC96B4_EAB590EAB3BCEC9CB5ED95A9EC82BCEAB5ADEC9CA0EC82ACEC82BCEAB5ADEC82ACEAB8B0EAB3A0EBA0A4EC82AC_78.png,14000
[셰익스피어] 교과서 으뜸 사이언스 64권,4-7세,셰익스피어,수학 · 영어,https://gndrbook.com/web/product/big/202508/d92fee1822affac9c549398746982860.png,https://gndrbook.com/web/upload/NNEditor/20250729/EC85B0EC9DB5EC8AA4ED94BCEC96B4_EAB590EAB3BCEC849CEC9CBCEB9CB8EC82ACEC9DB4EC96B8EC8AA4_64.png,19000
[웅진] 호기심백과 큐 50권,4-7세,웅진,수학 · 영어,https://gndrbook.com/web/product/big/202507/5b4f173b3894a3a6bcbec604d78f0fe0.png,https://gndrbook.com/web/upload/NNEditor/20250728/EC9B85ECA784_ED98B8EAB8B0EC8BACEBB0B1EAB3BCED8190_50.png,17000
[랜덤하우스] 베렌스타인 베어스 (The Berenstain Bears) 60권,4-7세,랜덤하우스,수학 · 영어,https://gndrbook.com/web/product/big/202508/7e353189f9815f095621a399354b265c.png,https://gndrbook.com/web/upload/NNEditor/20260401/EB9E9CEB8DA4ED9598EC9AB0EC8AA4_EBB2A0EBA08CEC8AA4ED8380EC9DB8EBB2A0EC96B4EC8AA4_60.png,14000
[펭귄북스] 도로시책끼 세계 창작 그림책 49권,4-7세,펭귄북스,수학 · 영어,https://gndrbook.com/web/product/big/202509/685cf1e11729225784caa9ac027c3cee.png,https://gndrbook.com/web/upload/NNEditor/20250725/ED8EADEAB784EBB681EC8AA4_EB8F84EBA19CEC8B9CECB185EB81BC_49.png,28000
[웅진] 우리 도시 탐방 24권,4-7세,웅진,수학 · 영어,https://gndrbook.com/web/product/big/202302/629235835d4536e10c0cef808672d40b.jpg,https://gndrbook.com/web/upload/NNEditor/20250725/EC9B85ECA784_EC9AB0EBA6ACEB8F84EC8B9CED8390EBB0A9_24.png,32000
[황우] 똑소리과학 50권,4-7세,황우,수학 · 영어,https://gndrbook.com/web/product/big/202211/657feb34b16ffd3f1742797b963ed3fd.jpg,https://gndrbook.com/web/upload/NNEditor/20250729/ED99A9EC9AB0_EB9891EC868CEBA6ACEAB3BCED9599_50.png,28000
[여원] 탄탄 토리지식그림책 47권,4-7세,여원,수학 · 영어,https://gndrbook.com/web/product/big/202508/9f008c3ed827358212f026e8aba0e097.png,https://gndrbook.com/web/upload/NNEditor/20250729/EC97ACEC9B90EBAFB8EB9494EC96B4_ED8384ED8384ED86A0EBA6ACECA780EC8B9DEAB7B8EBA6BCECB185_47.png,20000
[랜덤하우스] 올림포스 가디언 68권 (양장본),4-7세,랜덤하우스,수학 · 영어,https://gndrbook.com/web/product/big/202601/493a7e629ff13b58cbd79b35d0a6ab0d.png,https://gndrbook.com/web/upload/NNEditor/20260107/EB9E9CEB8DA4ED9598EC9AB0EC8AA4_EC98ACEBA6BCED8FACEC8AA4EAB080EB9494EC9DB8EC9691EC9EA5EBB3B8_68.png,16000
[헤르만헤세] 월드 상상 팝콘 60권,4-7세,헤르만헤세,수학 · 영어,https://gndrbook.com/web/product/big/202508/8ca9964a62f07d73722b9ef88347a73e.png,https://gndrbook.com/web/upload/NNEditor/20250729/ED97A4EBA5B4EBA78CED97A4EC8BB8_EC9B94EB939CEC8381EC8381ED8C9DECBD98_60.png,15000
[사계절] 일과 사람 20권,4-7세,사계절,수학 · 영어,https://gndrbook.com/web/product/big/202508/4ae112b069b3666887647a4a05b92004.png,https://gndrbook.com/web/upload/NNEditor/20250725/EC82ACEAB384ECA088_EC9DBCEAB3BCEC82ACEB9E8C_20.png,15000
[두두스토리] 슈퍼 피플 스토리,4-7세,두두스토리,수학 · 영어,https://gndrbook.com/web/product/big/202509/160a23e8f48d64c45dc3a56674467fa6.png,https://gndrbook.com/web/upload/NNEditor/20250725/EB9190EB9190EC8AA4ED86A0EBA6AC_EC8A88ED8DBCED94BCED948C_18.png,28000
[솔] 틴틴 땡땡의모험 24권,4-7세,솔,수학 · 영어,https://gndrbook.com/web/product/big/202508/4a54fc9271d68c5390b4578eb9a94c73.png,https://gndrbook.com/web/upload/NNEditor/20250725/EC8694ECB69CED8C90EC82AC_ED8BB4ED8BB4EB95A1EB95A1EC9DB4EC9DB98EBAAA8ED9798_24.png,19000
[거북이북스] 꼬마 흡혈귀 12권,4-7세,거북이북스,수학 · 영어,https://gndrbook.com/web/product/big/202508/d9116abd281abec1456b540240810d44.png,https://gndrbook.com/web/upload/NNEditor/20250725/EAB1B0EBB681EC9DB4EBB681EC8AA4_EABCACEBA788ED9DA1ED9888EAB780_12.png,21000
[비룡소] 건방이의 건방진 수련기 5권 + 초강력 수련기 4권,4-7세,비룡소,수학 · 영어,https://gndrbook.com/web/product/big/202508/8d9d36f5ca8707070d4125a54608f418.png,https://gndrbook.com/web/upload/NNEditor/20250725/EBB984EBA3A1EC868C_EAB1B4EBB0A9EC9DB4EC9D98EAB1B4EBB0A9ECA784EC8898EBA0A8EAB8B0_9.png,21000
[문진미디어] 어스본 퍼스트 리딩 (Usborne First Reading) 3.4 단계 40권,4-7세,문진미디어,수학 · 영어,https://gndrbook.com/web/product/big/202508/4e371f9f4f1e039a4917cb7ecbaf3fc0.png,https://gndrbook.com/web/upload/NNEditor/20250725/EBACB8ECA784EBAFB8EB9494EC96B4_EC96B4EC8AA4EBB3B8ED8DBCEC8AA4ED8AB8EBA6ACEB94A934_40.png,21000
[헤르만헤세] 교과서 으뜸 사회탐구 80권,4-7세,헤르만헤세,수학 · 영어,https://gndrbook.com/web/product/big/202508/c64dbd3f177ef822e97bf09ed0cafc8a.png,https://gndrbook.com/web/upload/NNEditor/20250729/ED97A4EBA5B4EBA78CED97A4EC8BB8_EAB590EAB3BCEC849CEC9CBCEB9CB8EC82ACED9A8CED8390EAB5AC_80.png,28000
[웅진] 한걸음먼저 인성철학 25권,4-7세,웅진,수학 · 영어,https://gndrbook.com/web/product/big/202508/79b4b9ae2390119660f5623d550f6a7f.png,https://gndrbook.com/web/upload/NNEditor/20250827/copy-1756281410-EC9B85ECA784_ED959CEAB1B8EC9D8CEBA8BCECA080EC9DB8EC84B1ECB2A0ED9599_25.png,15000
[위즈덤하우스] 놓지마 과학 16권,4-7세,위즈덤하우스,수학 · 영어,https://gndrbook.com/web/product/big/202507/5f73d4864524d6e36a0101861f710222.png,https://gndrbook.com/web/upload/NNEditor/20250728/EC9C84ECA688EB8DA4ED9598EC9AB0EC8AA4_EB8693ECA780EBA788EAB3BCED9599_16.png,43000
[휴먼어린이] 나의 첫 과학책 20권,4-7세,휴먼어린이,수학 · 영어,https://gndrbook.com/web/product/big/202512/99535821e579b0e8ec325fac2ef05b9d.png,https://gndrbook.com/web/upload/NNEditor/20251222/ED9CB4EBA8BCEC96B4EBA6B0EC9DB4_EB8298EC9D98ECB2ABEAB3BCED9599ECB185_20_EC9E90EC82ACEBAAB0.png,21000
,,,,,,25000
